{"is_source_file": false, "format": "", "description": "", "external_files": [], "external_methods": [], "published": [], "classes": [], "methods": [], "calls": [], "search-terms": ["HTML", "database viewer interface", "index.html", "client-side rendering", "database list", "table display", "data visualization", "JavaScript functions", "dynamic table rendering", "web UI"], "state": 2, "file_id": 7, "knowledge_revision": 13, "git_revision": "45cb671c361a997197198fbc8462e301f2a60dc7", "hash": "ee63333a4841bf025439c755a74c9881", "format-version": 4, "code-base-name": "lms_database", "filename": "lms_database/db_visualizer/public/index.html", "revision_history": [{"13": "45cb671c361a997197198fbc8462e301f2a60dc7"}]}