{"is_source_file": false, "format": "", "description": "", "external_files": [], "external_methods": [], "published": [], "classes": [], "methods": [], "calls": [], "search-terms": [], "state": 2, "file_id": 3, "knowledge_revision": 19, "git_revision": "51cdcc1356565a7afa67df9845fcfb7297232544", "revision_history": [{"10": "45cb671c361a997197198fbc8462e301f2a60dc7"}, {"16": "45cb671c361a997197198fbc8462e301f2a60dc7"}, {"17": "83713f6b490b953076e6e255c98c94cd01be0aff"}, {"18": "e159fdebb5be84de2c7f1c6483bf4b89846b893a"}, {"19": "51cdcc1356565a7afa67df9845fcfb7297232544"}], "hash": "34dedb18326f452996eb557b2be9481e", "format-version": 4, "code-base-name": "lms_database", "filename": "lms_database/startup.sh"}