{"is_source_file": true, "format": "bash script", "description": "This script automates the process of backing up different types of databases (SQLite, PostgreSQL, MySQL, MongoDB) by checking which database is running and performing the appropriate backup commands.", "external_files": ["/usr/lib/postgresql/", "/var/run/mysqld/mysqld.sock"], "external_methods": ["ls", "sudo", "mysqladmin", "mysql", "mysqldump", "mongosh", "mongodump"], "published": [], "classes": [], "methods": [], "calls": ["ls", "sudo -u postgres pg_isready", "sudo mysqladmin", "mysqladmin", "mysql", "mysqldump", "mongosh", "mongodump"], "search-terms": ["backup_db.sh", "database backup", "SQLite backup", "PostgreSQL backup", "MySQL backup", "MongoDB backup", "database detection script", "automated database backup"], "state": 2, "file_id": 2, "knowledge_revision": 11, "git_revision": "45cb671c361a997197198fbc8462e301f2a60dc7", "hash": "7af9aa35fa4940f934d83f6e2621b732", "format-version": 4, "code-base-name": "lms_database", "filename": "lms_database/backup_db.sh", "revision_history": [{"11": "45cb671c361a997197198fbc8462e301f2a60dc7"}]}