{"is_source_file": true, "format": "bash", "description": "A shell script for restoring databases from various backup formats, automatically detecting backup type and restoring to SQLite, PostgreSQL, MySQL, or MongoDB as applicable.", "external_files": ["database_backup.db", "database_backup.sql", "database_backup.archive"], "external_methods": ["ls", "cp", "sudo -u postgres pg_isready", "psql", "mysqladmin ping", "mysql", "mongosh", "mongorestore"], "published": [], "classes": [], "methods": [], "calls": ["ls /usr/lib/postgresql/", "sudo -u postgres ${PG_BIN}/pg_isready", "psql -h localhost -p ${DB_PORT} -U ${DB_USER} -d postgres < database_backup.sql", "mysqladmin ping -h localhost -P ${DB_PORT} --silent", "mysql -h localhost -P ${DB_PORT} -u ${DB_USER} -p${DB_PASSWORD}", "mysql -h localhost -P ${DB_PORT} -u root -p${DB_PASSWORD}", "sudo mysql --socket=/var/run/mysqld/mysqld.sock -u root -p${DB_PASSWORD}", "mongosh --port ${DB_PORT} --eval \"db.adminCommand('ping')\"", "mongorestore --port ${DB_PORT} --archive=database_backup.archive --drop --quiet"], "search-terms": ["restore_db.sh", "database backup restore", "detect backup type", "SQLite restore", "PostgreSQL restore", "MySQL restore", "MongoDB restore", "database backup files", "shell script database restore"], "state": 2, "file_id": 4, "knowledge_revision": 12, "git_revision": "45cb671c361a997197198fbc8462e301f2a60dc7", "hash": "67505395c0df4c9c001ab8f47571f3fb", "format-version": 4, "code-base-name": "lms_database", "filename": "lms_database/restore_db.sh", "revision_history": [{"12": "45cb671c361a997197198fbc8462e301f2a60dc7"}]}