{"is_source_file": false, "format": "", "description": "", "external_files": [], "external_methods": [], "published": [], "classes": [], "methods": [], "calls": [], "search-terms": [], "state": 2, "file_id": 6, "knowledge_revision": 20, "git_revision": "83713f6b490b953076e6e255c98c94cd01be0aff", "revision_history": [{"14": "45cb671c361a997197198fbc8462e301f2a60dc7"}, {"20": "83713f6b490b953076e6e255c98c94cd01be0aff"}], "hash": "27e21a36999e21d6da8c7a5175a005bb", "format-version": 4, "code-base-name": "lms_database", "filename": "lms_database/db_visualizer/package.json"}