{"is_source_file": true, "format": "JavaScript", "description": "This file defines a script that verifies AI service integration by running a sample lesson summary generation using the createAIService function. It logs the generated summary to stdout and includes a main function for execution as a standalone script.", "external_files": ["../src/services/ai"], "external_methods": ["require('dotenv').config()", "createAIService"], "published": ["main"], "classes": [], "methods": [{"name": "main()", "description": "Asynchronously runs a sample lesson through the AI service to generate and output a summary.", "scope": "", "scopeKind": ""}], "calls": ["require('../src/services/ai').createAIService", "console.log", "ai.generateSummary"], "search-terms": ["verify-ai.js", "AI service test", "lesson summary generation", "createAIService", "sampleLesson"], "state": 2, "file_id": 36, "knowledge_revision": 144, "git_revision": "3db7263670f21a9dca189aea6f523ca103b1eeee", "ctags": [{"_type": "tag", "name": "main", "path": "/home/kavia/workspace/code-generation/digitalt3-learning-insights-platform-311763-311772/lms_backend/scripts/verify-ai.js", "pattern": "/^async function main() {$/", "language": "JavaScript", "kind": "function", "signature": "()"}, {"_type": "tag", "name": "main", "path": "/home/kavia/workspace/code-generation/digitalt3-learning-insights-platform-311763-311772/lms_backend/scripts/verify-ai.js", "pattern": "/^module.exports = { main };$/", "language": "JavaScript", "kind": "field", "scope": "module.exports", "scopeKind": "class"}], "hash": "42e2865ba534e06453df62d17fce8140", "format-version": 4, "code-base-name": "lms_backend", "filename": "lms_backend/scripts/verify-ai.js", "fields": [{"name": "module.exports = { main };", "scope": "module.exports", "scopeKind": "class", "description": "unavailable"}], "revision_history": [{"144": "3db7263670f21a9dca189aea6f523ca103b1eeee"}]}