{"is_source_file": true, "format": "JavaScript", "description": "This JavaScript script automates various deployment and verification tasks in a backend project, including database migrations, API response checks, reading documentation sections, and running build processes for backend and frontend components.", "external_files": ["child_process", "fs", "path", "http", "https"], "external_methods": ["spawnSync", "readFileSync"], "published": [], "classes": [], "methods": [{"name": "log(msg)", "description": "Logs messages to the console.", "scope": "", "scopeKind": ""}, {"name": "logErr(msg)", "description": "Logs error messages to the standard error stream.", "scope": "", "scopeKind": ""}, {"name": "run(cmd, args, opts = {})", "description": "Executes a shell command synchronously with provided arguments and options.", "scope": "", "scopeKind": ""}, {"name": "requestJson(url, { method = 'GET', headers = {}, body } = {})", "description": "Performs an HTTP/HTTPS request expecting a JSON response, resolving with the parsed JSON.", "scope": "", "scopeKind": ""}, {"name": "getDemoGuideText(readmePath)", "description": "Reads and extracts the 'Demo Guide' section from a README markdown file.", "scope": "", "scopeKind": ""}, {"name": "main()", "description": "Main async function orchestrating the final setup and verification steps.", "scope": "", "scopeKind": ""}], "calls": ["run('npm', ['run', 'db:migrate'])", "requestJson", "getDemoGuideText", "run('npm', ['run', 'lint'])", "run('npm', ['run', 'build'])"], "search-terms": ["final-wrapup", "TypeORM migrations", "API /api/user/stats verification", "Demo Guide extraction", "CI build checks"], "state": 2, "file_id": 38, "knowledge_revision": 151, "git_revision": "2e19f9ffe46e98d5f7b9c5c34c275b31a527a0d1", "ctags": [{"_type": "tag", "name": "fs", "path": "/home/kavia/workspace/code-generation/digitalt3-learning-insights-platform-311763-311772/lms_backend/scripts/final-wrapup.js", "pattern": "/^const fs = require('fs');$/", "language": "JavaScript", "kind": "constant"}, {"_type": "tag", "name": "getDemoGuideText", "path": "/home/kavia/workspace/code-generation/digitalt3-learning-insights-platform-311763-311772/lms_backend/scripts/final-wrapup.js", "pattern": "/^async function getDemoGuideText(readmePath) {$/", "language": "JavaScript", "kind": "function", "signature": "(readmePath)"}, {"_type": "tag", "name": "http", "path": "/home/kavia/workspace/code-generation/digitalt3-learning-insights-platform-311763-311772/lms_backend/scripts/final-wrapup.js", "pattern": "/^const http = require('http');$/", "language": "JavaScript", "kind": "constant"}, {"_type": "tag", "name": "https", "path": "/home/kavia/workspace/code-generation/digitalt3-learning-insights-platform-311763-311772/lms_backend/scripts/final-wrapup.js", "pattern": "/^const https = require('https');$/", "language": "JavaScript", "kind": "constant"}, {"_type": "tag", "name": "log", "path": "/home/kavia/workspace/code-generation/digitalt3-learning-insights-platform-311763-311772/lms_backend/scripts/final-wrapup.js", "pattern": "/^function log(msg) {$/", "language": "JavaScript", "kind": "function", "signature": "(msg)"}, {"_type": "tag", "name": "logErr", "path": "/home/kavia/workspace/code-generation/digitalt3-learning-insights-platform-311763-311772/lms_backend/scripts/final-wrapup.js", "pattern": "/^function logErr(msg) {$/", "language": "JavaScript", "kind": "function", "signature": "(msg)"}, {"_type": "tag", "name": "main", "path": "/home/kavia/workspace/code-generation/digitalt3-learning-insights-platform-311763-311772/lms_backend/scripts/final-wrapup.js", "pattern": "/^async function main() {$/", "language": "JavaScript", "kind": "function", "signature": "()"}, {"_type": "tag", "name": "path", "path": "/home/kavia/workspace/code-generation/digitalt3-learning-insights-platform-311763-311772/lms_backend/scripts/final-wrapup.js", "pattern": "/^const path = require('path');$/", "language": "JavaScript", "kind": "constant"}, {"_type": "tag", "name": "requestJson", "path": "/home/kavia/workspace/code-generation/digitalt3-learning-insights-platform-311763-311772/lms_backend/scripts/final-wrapup.js", "pattern": "/^function requestJson(url, { method = 'GET', headers = {}, body } = {}) {$/", "language": "JavaScript", "kind": "function", "signature": "(url, { method = 'GET', headers = {}, body } = {})"}, {"_type": "tag", "name": "run", "path": "/home/kavia/workspace/code-generation/digitalt3-learning-insights-platform-311763-311772/lms_backend/scripts/final-wrapup.js", "pattern": "/^function run(cmd, args, opts = {}) {$/", "language": "JavaScript", "kind": "function", "signature": "(cmd, args, opts = {})"}], "hash": "0961fb70b22d6e20a46834684f96f381", "format-version": 4, "code-base-name": "lms_backend", "filename": "lms_backend/scripts/final-wrapup.js", "revision_history": [{"151": "2e19f9ffe46e98d5f7b9c5c34c275b31a527a0d1"}]}