{"is_source_file": true, "format": "JavaScript", "description": "This file initializes and exports the DataSource instance for TypeORM, configured via environment variables, and is used by TypeORM CLI commands.", "external_files": ["./config/db"], "external_methods": ["createDataSourceFromEnv"], "published": ["module.exports"], "classes": [], "methods": ["createDataSourceFromEnv"], "calls": ["require('dotenv').config()", "createDataSourceFromEnv()"], "search-terms": ["typeorm-datasource", "createDataSourceFromEnv", "dotenv", "TypeORM CLI"], "state": 2, "file_id": 28, "knowledge_revision": 105, "git_revision": "10ba7d57aad0e4f061591f056398d807b21221c1", "ctags": [], "hash": "ecab796fc06ad7f4138c3c45a3daa958", "format-version": 4, "code-base-name": "lms_backend", "filename": "lms_backend/src/typeorm-datasource.js", "revision_history": [{"105": "10ba7d57aad0e4f061591f056398d807b21221c1"}]}