{"is_source_file": false, "format": "", "description": "", "external_files": [], "external_methods": [], "published": [], "classes": [], "methods": [], "calls": [], "search-terms": [], "state": 2, "file_id": 30, "knowledge_revision": 158, "git_revision": "87dfb07418666d26c020e4b0c1a612f0f6a98ad6", "revision_history": [{"107": "10ba7d57aad0e4f061591f056398d807b21221c1"}, {"158": "87dfb07418666d26c020e4b0c1a612f0f6a98ad6"}], "hash": "0b3457ed28b69b46547520566de29637", "format-version": 4, "code-base-name": "lms_backend", "filename": "lms_backend/README.md"}