{"is_source_file": true, "format": "JavaScript (Node.js)", "description": "This file defines API routes for course management in a web backend, including listing, creating, retrieving, updating, and deleting courses. It uses Express.js for routing, Swagger annotations for API documentation, and interacts with a database via repository methods. The file also includes middleware for authentication and role-based access control.", "external_files": ["../middleware/auth", "../middleware/rbac", "../config/db"], "external_methods": ["auth", "rbac", "getDataSource"], "published": ["router"], "classes": [], "methods": [{"name": "isValidId(raw)", "description": "Validates that the input is a positive integer ID.", "scope": "", "scopeKind": ""}, {"name": "normalizeTags(tags)", "description": "Normalizes and de-duplicates tags array, trimming whitespace and ensuring array of strings.", "scope": "", "scopeKind": ""}, {"name": "toCourseResponse(course)", "description": "Converts a database course entity to API response format, including nested creator info.", "scope": "", "scopeKind": ""}, {"name": "validateCreatePayload(body)", "description": "Validates request payload for creating a course, checking required fields and formats.", "scope": "", "scopeKind": ""}, {"name": "validateUpdatePayload(body)", "description": "Validates and constructs update fields from request payload for updating a course.", "scope": "", "scopeKind": ""}], "calls": ["getDataSource()", "db.getRepository('Course')", "repository.create()", "repository.save()", "repository.findOne()", "repository.update()"], "search-terms": ["courses routes", "Swagger API documentation", "async route handlers", "course validation", "role-based access control", "database interaction", "Express.js router"], "state": 2, "file_id": 19, "knowledge_revision": 89, "git_revision": "ac0f6efe3cff082774d90dbbaa94ede573f6657f", "revision_history": [{"58": "fdfbc0c8211f970237ecb8a46f574b6d9e6f02f5"}, {"63": "1de300b9bd941bc96c7fd5412f3af6a26329aa07"}, {"79": "ac0f6efe3cff082774d90dbbaa94ede573f6657f"}, {"87": "ac0f6efe3cff082774d90dbbaa94ede573f6657f"}, {"88": "ac0f6efe3cff082774d90dbbaa94ede573f6657f"}, {"89": "ac0f6efe3cff082774d90dbbaa94ede573f6657f"}], "ctags": [{"_type": "tag", "name": "WRITE_ROLES", "path": "/home/kavia/workspace/code-generation/digitalt3-learning-insights-platform-311763-311772/lms_backend/src/routes/courses.js", "pattern": "/^const WRITE_ROLES = ['admin', 'instructor'];$/", "language": "JavaScript", "kind": "constant"}, {"_type": "tag", "name": "auth", "path": "/home/kavia/workspace/code-generation/digitalt3-learning-insights-platform-311763-311772/lms_backend/src/routes/courses.js", "pattern": "/^const auth = require('..\\/middleware\\/auth');$/", "language": "JavaScript", "kind": "constant"}, {"_type": "tag", "name": "express", "path": "/home/kavia/workspace/code-generation/digitalt3-learning-insights-platform-311763-311772/lms_backend/src/routes/courses.js", "pattern": "/^const express = require('express');$/", "language": "JavaScript", "kind": "constant"}, {"_type": "tag", "name": "isValidId", "path": "/home/kavia/workspace/code-generation/digitalt3-learning-insights-platform-311763-311772/lms_backend/src/routes/courses.js", "pattern": "/^function isValidId(raw) {$/", "language": "JavaScript", "kind": "function", "signature": "(raw)"}, {"_type": "tag", "name": "normalizeTags", "path": "/home/kavia/workspace/code-generation/digitalt3-learning-insights-platform-311763-311772/lms_backend/src/routes/courses.js", "pattern": "/^function normalizeTags(tags) {$/", "language": "JavaScript", "kind": "function", "signature": "(tags)"}, {"_type": "tag", "name": "rbac", "path": "/home/kavia/workspace/code-generation/digitalt3-learning-insights-platform-311763-311772/lms_backend/src/routes/courses.js", "pattern": "/^const rbac = require('..\\/middleware\\/rbac');$/", "language": "JavaScript", "kind": "constant"}, {"_type": "tag", "name": "router", "path": "/home/kavia/workspace/code-generation/digitalt3-learning-insights-platform-311763-311772/lms_backend/src/routes/courses.js", "pattern": "/^const router = express.Router();$/", "language": "JavaScript", "kind": "constant"}, {"_type": "tag", "name": "toCourseResponse", "path": "/home/kavia/workspace/code-generation/digitalt3-learning-insights-platform-311763-311772/lms_backend/src/routes/courses.js", "pattern": "/^function toCourseResponse(course) {$/", "language": "JavaScript", "kind": "function", "signature": "(course)"}, {"_type": "tag", "name": "validateCreatePayload", "path": "/home/kavia/workspace/code-generation/digitalt3-learning-insights-platform-311763-311772/lms_backend/src/routes/courses.js", "pattern": "/^function validateCreatePayload(body) {$/", "language": "JavaScript", "kind": "function", "signature": "(body)"}, {"_type": "tag", "name": "validateUpdatePayload", "path": "/home/kavia/workspace/code-generation/digitalt3-learning-insights-platform-311763-311772/lms_backend/src/routes/courses.js", "pattern": "/^function validateUpdatePayload(body) {$/", "language": "JavaScript", "kind": "function", "signature": "(body)"}], "hash": "01c10689d931799208c4131c8ae496d3", "format-version": 4, "code-base-name": "lms_backend", "filename": "lms_backend/src/routes/courses.js"}