{"is_source_file": true, "format": "JavaScript", "description": "This is a Node.js server startup file that initializes environmental configuration, connects to a database, starts an HTTP server, and handles graceful shutdown on termination signals.", "external_files": ["./app", "./config/db"], "external_methods": ["require", "initializeDataSource", "getConfiguredDbName", "getDbMeta"], "published": [], "classes": [], "methods": [{"name": "start()", "description": "Asynchronous function that initializes the database connection, starts the server, and sets up shutdown handling.", "scope": "", "scopeKind": ""}], "calls": ["require('dotenv').config()", "require('./app')", "require('./config/db').initializeDataSource", "require('./config/db').getConfiguredDbName", "require('./config/db').getDbMeta", "app.listen", "process.on('SIGTERM')"], "search-terms": ["server.js", "dotenv", "initializeDataSource", "getConfiguredDbName", "getDbMeta", "app.listen", "graceful shutdown", "Node.js server startup"], "state": 2, "file_id": 7, "knowledge_revision": 162, "git_revision": "87dfb07418666d26c020e4b0c1a612f0f6a98ad6", "revision_history": [{"21": "77a8c91aa2023b738bc0546c1506bce322855d00"}, {"38": "827b5f29f7e96a66bd426cb06b2015596f17e595"}, {"52": "4c25a0c02260f067c357b1357fee5c19d1be3f7e"}, {"65": "2de8b6d16b9e3eea6ef7adc96e55d2a2cfa326cb"}, {"67": "70a15a2f335745ae890845d5b4ad9d3332959b37"}, {"70": "8b743168c96a245e698b88134ae601b470eb59d3"}, {"85": "befc00cd5fb3097a2b51b7253e7ab375891b6eba"}, {"152": "69abf06a2675de764629af18084a45756deefb42"}, {"155": "87dfb07418666d26c020e4b0c1a612f0f6a98ad6"}, {"162": "87dfb07418666d26c020e4b0c1a612f0f6a98ad6"}], "ctags": [{"_type": "tag", "name": "HOST", "path": "/home/kavia/workspace/code-generation/digitalt3-learning-insights-platform-311763-311772/lms_backend/src/server.js", "pattern": "/^const HOST = process.env.HOST || '0.0.0.0';$/", "language": "JavaScript", "kind": "constant"}, {"_type": "tag", "name": "PORT", "path": "/home/kavia/workspace/code-generation/digitalt3-learning-insights-platform-311763-311772/lms_backend/src/server.js", "pattern": "/^const PORT = process.env.PORT || 3001;$/", "language": "JavaScript", "kind": "constant"}, {"_type": "tag", "name": "app", "path": "/home/kavia/workspace/code-generation/digitalt3-learning-insights-platform-311763-311772/lms_backend/src/server.js", "pattern": "/^const app = require('.\\/app');$/", "language": "JavaScript", "kind": "constant"}, {"_type": "tag", "name": "start", "path": "/home/kavia/workspace/code-generation/digitalt3-learning-insights-platform-311763-311772/lms_backend/src/server.js", "pattern": "/^async function start() {$/", "language": "JavaScript", "kind": "function", "signature": "()"}], "hash": "dfc0ee1f98e582eca1ebb41e80aa9b33", "format-version": 4, "code-base-name": "lms_backend", "filename": "lms_backend/src/server.js"}