{"is_source_file": true, "format": "JavaScript", "description": "This file configures Swagger API documentation for the DigitalT3 LMS backend by setting up OpenAPI specification options and references to API route, middleware, model, and controller source files for JSDoc processing.", "external_files": ["./src/routes/**/*.js", "./src/middleware/**/*.js", "./src/models/**/*.js", "./src/controllers/**/*.js"], "external_methods": ["swagger-jsdoc"], "published": ["swaggerSpec"], "classes": [], "methods": [], "calls": ["require('swagger-jsdoc')"], "search-terms": ["swagger", "API documentation", "OpenAPI", "swagger-jsdoc", "LMS API", "swagger configuration"], "state": 2, "file_id": 4, "knowledge_revision": 133, "git_revision": "7c132f2ba0cbfa921f47c07d4be8fedc5411604f", "revision_history": [{"19": "77a8c91aa2023b738bc0546c1506bce322855d00"}, {"36": "827b5f29f7e96a66bd426cb06b2015596f17e595"}, {"47": "8644730aac4a39e77655a2dd2d49db5f6852b125"}, {"53": "fdfbc0c8211f970237ecb8a46f574b6d9e6f02f5"}, {"126": "2ad351f398082359982a5fee492703cda513fed8"}, {"133": "7c132f2ba0cbfa921f47c07d4be8fedc5411604f"}], "ctags": [{"_type": "tag", "name": "apis", "path": "/home/kavia/workspace/code-generation/digitalt3-learning-insights-platform-311763-311772/lms_backend/swagger.js", "pattern": "/^  apis: ['.\\/src\\/routes\\/**\\/*.js', '.\\/src\\/middleware\\/**\\/*.js', '.\\/src\\/models\\/**\\/*.js',/", "language": "JavaScript", "kind": "property", "scope": "options", "scopeKind": "class"}, {"_type": "tag", "name": "bearerAuth", "path": "/home/kavia/workspace/code-generation/digitalt3-learning-insights-platform-311763-311772/lms_backend/swagger.js", "pattern": "/^        bearerAuth: {$/", "language": "JavaScript", "kind": "class", "scope": "options.definition.components.securitySchemes", "scopeKind": "class"}, {"_type": "tag", "name": "bearerFormat", "path": "/home/kavia/workspace/code-generation/digitalt3-learning-insights-platform-311763-311772/lms_backend/swagger.js", "pattern": "/^          bearerFormat: 'JWT',$/", "language": "JavaScript", "kind": "property", "scope": "options.definition.components.securitySchemes.bearerAuth", "scopeKind": "class"}, {"_type": "tag", "name": "components", "path": "/home/kavia/workspace/code-generation/digitalt3-learning-insights-platform-311763-311772/lms_backend/swagger.js", "pattern": "/^    components: {$/", "language": "JavaScript", "kind": "class", "scope": "options.definition", "scopeKind": "class"}, {"_type": "tag", "name": "definition", "path": "/home/kavia/workspace/code-generation/digitalt3-learning-insights-platform-311763-311772/lms_backend/swagger.js", "pattern": "/^  definition: {$/", "language": "JavaScript", "kind": "class", "scope": "options", "scopeKind": "class"}, {"_type": "tag", "name": "description", "path": "/home/kavia/workspace/code-generation/digitalt3-learning-insights-platform-311763-311772/lms_backend/swagger.js", "pattern": "/^          description: 'Provide a JWT access token as: `Authorization: Bearer <token>`.',$/", "language": "JavaScript", "kind": "property", "scope": "options.definition.components.securitySchemes.bearerAuth", "scopeKind": "class"}, {"_type": "tag", "name": "description", "path": "/home/kavia/workspace/code-generation/digitalt3-learning-insights-platform-311763-311772/lms_backend/swagger.js", "pattern": "/^      description:$/", "language": "JavaScript", "kind": "property", "scope": "options.definition.info", "scopeKind": "class"}, {"_type": "tag", "name": "info", "path": "/home/kavia/workspace/code-generation/digitalt3-learning-insights-platform-311763-311772/lms_backend/swagger.js", "pattern": "/^    info: {$/", "language": "JavaScript", "kind": "class", "scope": "options.definition", "scopeKind": "class"}, {"_type": "tag", "name": "openapi", "path": "/home/kavia/workspace/code-generation/digitalt3-learning-insights-platform-311763-311772/lms_backend/swagger.js", "pattern": "/^    openapi: '3.0.0',$/", "language": "JavaScript", "kind": "property", "scope": "options.definition", "scopeKind": "class"}, {"_type": "tag", "name": "options", "path": "/home/kavia/workspace/code-generation/digitalt3-learning-insights-platform-311763-311772/lms_backend/swagger.js", "pattern": "/^const options = {$/", "language": "JavaScript", "kind": "class"}, {"_type": "tag", "name": "scheme", "path": "/home/kavia/workspace/code-generation/digitalt3-learning-insights-platform-311763-311772/lms_backend/swagger.js", "pattern": "/^          scheme: 'bearer',$/", "language": "JavaScript", "kind": "property", "scope": "options.definition.components.securitySchemes.bearerAuth", "scopeKind": "class"}, {"_type": "tag", "name": "securitySchemes", "path": "/home/kavia/workspace/code-generation/digitalt3-learning-insights-platform-311763-311772/lms_backend/swagger.js", "pattern": "/^      securitySchemes: {$/", "language": "JavaScript", "kind": "class", "scope": "options.definition.components", "scopeKind": "class"}, {"_type": "tag", "name": "swaggerJSDoc", "path": "/home/kavia/workspace/code-generation/digitalt3-learning-insights-platform-311763-311772/lms_backend/swagger.js", "pattern": "/^const swaggerJSDoc = require('swagger-jsdoc');$/", "language": "JavaScript", "kind": "constant"}, {"_type": "tag", "name": "swaggerSpec", "path": "/home/kavia/workspace/code-generation/digitalt3-learning-insights-platform-311763-311772/lms_backend/swagger.js", "pattern": "/^const swaggerSpec = swaggerJSDoc(options);$/", "language": "JavaScript", "kind": "constant"}, {"_type": "tag", "name": "tags", "path": "/home/kavia/workspace/code-generation/digitalt3-learning-insights-platform-311763-311772/lms_backend/swagger.js", "pattern": "/^    tags: [$/", "language": "JavaScript", "kind": "property", "scope": "options.definition", "scopeKind": "class"}, {"_type": "tag", "name": "title", "path": "/home/kavia/workspace/code-generation/digitalt3-learning-insights-platform-311763-311772/lms_backend/swagger.js", "pattern": "/^      title: 'DigitalT3 LMS Backend API',$/", "language": "JavaScript", "kind": "property", "scope": "options.definition.info", "scopeKind": "class"}, {"_type": "tag", "name": "type", "path": "/home/kavia/workspace/code-generation/digitalt3-learning-insights-platform-311763-311772/lms_backend/swagger.js", "pattern": "/^          type: 'http',$/", "language": "JavaScript", "kind": "property", "scope": "options.definition.components.securitySchemes.bearerAuth", "scopeKind": "class"}, {"_type": "tag", "name": "version", "path": "/home/kavia/workspace/code-generation/digitalt3-learning-insights-platform-311763-311772/lms_backend/swagger.js", "pattern": "/^      version: process.env.API_VERSION || '1.0.0',$/", "language": "JavaScript", "kind": "property", "scope": "options.definition.info", "scopeKind": "class"}], "hash": "31ca9c3f6df82d724bb6cf80bb89530b", "format-version": 4, "code-base-name": "lms_backend", "filename": "lms_backend/swagger.js", "fields": [{"name": "apis: ['.\\/src\\/routes\\/**\\/*.js', '.\\/src\\/middleware\\/**\\/*.js', '.\\/src\\/models\\/**\\/*.js',/", "scope": "options", "scopeKind": "class", "description": "unavailable"}, {"name": "bearerFormat: 'JWT',", "scope": "options.definition.components.securitySchemes.bearerAuth", "scopeKind": "class", "description": "unavailable"}, {"name": "description: 'Provide a JWT access token as: `Authorization: Bearer <token>`.',", "scope": "options.definition.components.securitySchemes.bearerAuth", "scopeKind": "class", "description": "unavailable"}, {"name": "description:", "scope": "options.definition.info", "scopeKind": "class", "description": "unavailable"}, {"name": "openapi: '3.0.0',", "scope": "options.definition", "scopeKind": "class", "description": "unavailable"}, {"name": "scheme: 'bearer',", "scope": "options.definition.components.securitySchemes.bearerAuth", "scopeKind": "class", "description": "unavailable"}, {"name": "tags: [", "scope": "options.definition", "scopeKind": "class", "description": "unavailable"}, {"name": "title: 'DigitalT3 LMS Backend API',", "scope": "options.definition.info", "scopeKind": "class", "description": "unavailable"}, {"name": "type: 'http',", "scope": "options.definition.components.securitySchemes.bearerAuth", "scopeKind": "class", "description": "unavailable"}, {"name": "version: process.env.API_VERSION || '1.0.0',", "scope": "options.definition.info", "scopeKind": "class", "description": "unavailable"}]}