{"is_source_file": true, "format": "JavaScript", "description": "This file exports middleware modules related to authentication and role-based access control for use in a larger application.", "external_files": ["./auth", "./rbac"], "external_methods": [], "published": ["auth", "rbac"], "classes": [], "methods": [], "calls": ["require('./auth')", "require('./rbac')"], "search-terms": ["middleware", "auth", "rbac", "export", "index.js"], "state": 2, "file_id": 12, "knowledge_revision": 37, "git_revision": "827b5f29f7e96a66bd426cb06b2015596f17e595", "revision_history": [{"24": "77a8c91aa2023b738bc0546c1506bce322855d00"}, {"37": "827b5f29f7e96a66bd426cb06b2015596f17e595"}], "ctags": [{"_type": "tag", "name": "auth", "path": "/home/kavia/workspace/code-generation/digitalt3-learning-insights-platform-311763-311772/lms_backend/src/middleware/index.js", "pattern": "/^  auth,$/", "language": "JavaScript", "kind": "field", "scope": "module.exports", "scopeKind": "class"}, {"_type": "tag", "name": "auth", "path": "/home/kavia/workspace/code-generation/digitalt3-learning-insights-platform-311763-311772/lms_backend/src/middleware/index.js", "pattern": "/^const auth = require('.\\/auth');$/", "language": "JavaScript", "kind": "constant"}, {"_type": "tag", "name": "rbac", "path": "/home/kavia/workspace/code-generation/digitalt3-learning-insights-platform-311763-311772/lms_backend/src/middleware/index.js", "pattern": "/^const rbac = require('.\\/rbac');$/", "language": "JavaScript", "kind": "constant"}], "hash": "0b67c1d6a7e4a2f758cc131bf74476c8", "format-version": 4, "code-base-name": "lms_backend", "filename": "lms_backend/src/middleware/index.js", "fields": [{"name": "auth,", "scope": "module.exports", "scopeKind": "class", "description": "unavailable"}]}