{"is_source_file": true, "format": "JavaScript (Node.js migration script)", "description": "This file defines a database migration class that adds and removes AI-related fields ('aiSummary' and 'aiQuizJson') to the 'lessons' table in a database.", "external_files": [], "external_methods": ["queryRunner.query"], "published": ["AddLessonAiFields1700000000100"], "classes": [{"name": "AddLessonAiFields1700000000100", "description": "A migration class that adds AI-generated fields to the 'lessons' table on 'up' and removes them on 'down'."}], "methods": [{"name": "up(queryRunner)", "description": "Executes SQL queries to add 'aiSummary' and 'aiQuizJson' columns to the 'lessons' table.", "scope": "AddLessonAiFields1700000000100", "scopeKind": "class"}, {"name": "down(queryRunner)", "description": "Executes SQL queries to remove the 'aiSummary' and 'aiQuizJson' columns from the 'lessons' table.", "scope": "AddLessonAiFields1700000000100", "scopeKind": "class"}], "calls": ["queryRunner.query"], "search-terms": ["migration", "AddLessonAiFields", "lessons", "aiSummary", "aiQuizJson", "ALTER TABLE"], "state": 2, "file_id": 32, "knowledge_revision": 127, "git_revision": "2ad351f398082359982a5fee492703cda513fed8", "ctags": [{"_type": "tag", "name": "AddLessonAiFields1700000000100", "path": "/home/kavia/workspace/code-generation/digitalt3-learning-insights-platform-311763-311772/lms_backend/src/migrations/1700000000100-AddLessonAiFields.js", "pattern": "/^class AddLessonAiFields1700000000100 {$/", "language": "JavaScript", "kind": "class"}, {"_type": "tag", "name": "AddLessonAiFields1700000000100", "path": "/home/kavia/workspace/code-generation/digitalt3-learning-insights-platform-311763-311772/lms_backend/src/migrations/1700000000100-AddLessonAiFields.js", "pattern": "/^module.exports = { AddLessonAiFields1700000000100 };$/", "language": "JavaScript", "kind": "field", "scope": "module.exports", "scopeKind": "class"}, {"_type": "tag", "name": "down", "path": "/home/kavia/workspace/code-generation/digitalt3-learning-insights-platform-311763-311772/lms_backend/src/migrations/1700000000100-AddLessonAiFields.js", "pattern": "/^  async down(queryRunner) {$/", "language": "JavaScript", "kind": "method", "signature": "(queryRunner)", "scope": "AddLessonAiFields1700000000100", "scopeKind": "class"}, {"_type": "tag", "name": "name", "path": "/home/kavia/workspace/code-generation/digitalt3-learning-insights-platform-311763-311772/lms_backend/src/migrations/1700000000100-AddLessonAiFields.js", "pattern": "/^  name = 'AddLessonAiFields1700000000100';$/", "language": "JavaScript", "kind": "field", "scope": "AddLessonAiFields1700000000100", "scopeKind": "class"}, {"_type": "tag", "name": "up", "path": "/home/kavia/workspace/code-generation/digitalt3-learning-insights-platform-311763-311772/lms_backend/src/migrations/1700000000100-AddLessonAiFields.js", "pattern": "/^  async up(queryRunner) {$/", "language": "JavaScript", "kind": "method", "signature": "(queryRunner)", "scope": "AddLessonAiFields1700000000100", "scopeKind": "class"}], "hash": "81aefab07901203f6ab14ce586b62353", "format-version": 4, "code-base-name": "lms_backend", "filename": "lms_backend/src/migrations/1700000000100-AddLessonAiFields.js", "fields": [{"name": "module.exports = { AddLessonAiFields1700000000100 };", "scope": "module.exports", "scopeKind": "class", "description": "unavailable"}, {"name": "name = 'AddLessonAiFields1700000000100';", "scope": "AddLessonAiFields1700000000100", "scopeKind": "class", "description": "unavailable"}], "revision_history": [{"127": "2ad351f398082359982a5fee492703cda513fed8"}]}