{"is_source_file": false, "format": "", "description": "", "external_files": [], "external_methods": [], "published": [], "classes": [], "methods": [], "calls": [], "search-terms": [], "state": 2, "file_id": 3, "knowledge_revision": 15, "git_revision": "77a8c91aa2023b738bc0546c1506bce322855d00", "hash": "68e883b7c082fe5b18ee688ed067dd49", "format-version": 4, "code-base-name": "lms_backend", "filename": "lms_backend/nodemon.json", "revision_history": [{"15": "77a8c91aa2023b738bc0546c1506bce322855d00"}]}