{"is_source_file": true, "format": "JavaScript", "description": "This file defines a HealthService class with a method getStatus() that checks the health status of the backend service, including database connectivity and environment configurations.", "external_files": ["../config/db"], "external_methods": ["getConfiguredDbName", "getDataSource", "getDbMeta"], "published": ["new HealthService()"], "classes": [{"name": "HealthService", "description": "A service class providing health status checks of the backend system."}], "methods": [{"name": "getStatus()", "description": "Asynchronously retrieves the health status, including database connectivity, environment variables, and service health.", "scope": "HealthService", "scopeKind": "class"}], "calls": ["getConfiguredDbName", "getDataSource", "getDbMeta", "ds.query"], "search-terms": ["health", "database connection", "service status", "database version", "Node.js", "health check"], "state": 2, "file_id": 8, "knowledge_revision": 156, "git_revision": "87dfb07418666d26c020e4b0c1a612f0f6a98ad6", "revision_history": [{"20": "77a8c91aa2023b738bc0546c1506bce322855d00"}, {"33": "827b5f29f7e96a66bd426cb06b2015596f17e595"}, {"68": "70a15a2f335745ae890845d5b4ad9d3332959b37"}, {"111": "9173f91978c11d621ad63dfe958f9598b564df96"}, {"138": "969096bc82a2f9b113c594cfb2be26653fa2f63c"}, {"156": "87dfb07418666d26c020e4b0c1a612f0f6a98ad6"}], "ctags": [{"_type": "tag", "name": "HealthService", "path": "/home/kavia/workspace/code-generation/digitalt3-learning-insights-platform-311763-311772/lms_backend/src/services/health.js", "pattern": "/^class HealthService {$/", "language": "JavaScript", "kind": "class"}, {"_type": "tag", "name": "exports", "path": "/home/kavia/workspace/code-generation/digitalt3-learning-insights-platform-311763-311772/lms_backend/src/services/health.js", "pattern": "/^module.exports = new HealthService();$/", "language": "JavaScript", "kind": "variable", "scope": "module", "scopeKind": "class"}, {"_type": "tag", "name": "getStatus", "path": "/home/kavia/workspace/code-generation/digitalt3-learning-insights-platform-311763-311772/lms_backend/src/services/health.js", "pattern": "/^  async getStatus() {$/", "language": "JavaScript", "kind": "method", "signature": "()", "scope": "HealthService", "scopeKind": "class"}], "hash": "6b33760272d778424582f1b2a7b76874", "format-version": 4, "code-base-name": "lms_backend", "filename": "lms_backend/src/services/health.js", "fields": [{"name": "module.exports = new HealthService();", "scope": "module", "scopeKind": "class", "description": "unavailable"}]}