{"is_source_file": true, "format": "JavaScript", "description": "This file defines an Express middleware factory function `rbac` that enforces role-based access control by checking user roles in HTTP request objects.", "external_files": ["express (via middleware pattern, typical in Node.js projects)"], "external_methods": ["res.status", "res.json", "next"], "published": ["rbac"], "classes": [], "methods": [{"name": "rbac(allowedRoles = [])", "description": "Factory function creating middleware to enforce role-based access control based on allowed roles.", "scope": "", "scopeKind": ""}], "calls": ["Array.isArray", "res.status", "res.json", "next"], "search-terms": ["rbac", "role-based access control", "middleware", "Express", "user role", "authentication"], "state": 2, "file_id": 17, "knowledge_revision": 44, "git_revision": "827b5f29f7e96a66bd426cb06b2015596f17e595", "ctags": [{"_type": "tag", "name": "rbac", "path": "/home/kavia/workspace/code-generation/digitalt3-learning-insights-platform-311763-311772/lms_backend/src/middleware/rbac.js", "pattern": "/^function rbac(allowedRoles = []) {$/", "language": "JavaScript", "kind": "function", "signature": "(allowedRoles = [])"}], "hash": "71b664fcb5a37ab741e083c2dbcbcf0b", "format-version": 4, "code-base-name": "lms_backend", "filename": "lms_backend/src/middleware/rbac.js", "revision_history": [{"44": "827b5f29f7e96a66bd426cb06b2015596f17e595"}]}