{"is_source_file": true, "format": "JavaScript", "description": "This file defines a database migration class AddUserReadinessScore1700000000300 that adds and removes readiness score fields to/from the 'users' table in a database, with methods 'up' and 'down' for applying and reverting the migration.", "external_files": [], "external_methods": [], "published": ["AddUserReadinessScore1700000000300"], "classes": [{"name": "AddUserReadinessScore1700000000300", "description": "A migration class that manages adding and removing readiness score related columns in the 'users' table."}], "methods": [{"name": "up(queryRunner)", "description": "Applies the migration by adding 'readinessScore', 'readinessScoreUpdatedAt', and 'readinessScoreQuizCount' columns to the 'users' table.", "scope": "AddUserReadinessScore1700000000300", "scopeKind": "class"}, {"name": "down(queryRunner)", "description": "Reverts the migration by removing the readiness score related columns from the 'users' table.", "scope": "AddUserReadinessScore1700000000300", "scopeKind": "class"}], "calls": ["queryRunner.query('ALTER TABLE `users` ADD COLUMN `readinessScore` decimal(5,2) NOT NULL DEFAULT 0')", "queryRunner.query('ALTER TABLE `users` ADD COLUMN `readinessScoreUpdatedAt` datetime NULL')", "queryRunner.query('ALTER TABLE `users` ADD COLUMN `readinessScoreQuizCount` int NOT NULL DEFAULT 0')", "queryRunner.query('ALTER TABLE `users` DROP COLUMN `readinessScoreQuizCount`')", "queryRunner.query('ALTER TABLE `users` DROP COLUMN `readinessScoreUpdatedAt`')", "queryRunner.query('ALTER TABLE `users` DROP COLUMN `readinessScore`')"], "search-terms": ["AddUserReadinessScore", "migration", "users table", "readinessScore", "1700000000300"], "state": 2, "file_id": 37, "knowledge_revision": 148, "git_revision": "4cd6ac3e790150b91faf6afc529f9c48e0d66c83", "ctags": [{"_type": "tag", "name": "AddUserReadinessScore1700000000300", "path": "/home/kavia/workspace/code-generation/digitalt3-learning-insights-platform-311763-311772/lms_backend/src/migrations/1700000000300-AddUserReadinessScore.js", "pattern": "/^class AddUserReadinessScore1700000000300 {$/", "language": "JavaScript", "kind": "class"}, {"_type": "tag", "name": "AddUserReadinessScore1700000000300", "path": "/home/kavia/workspace/code-generation/digitalt3-learning-insights-platform-311763-311772/lms_backend/src/migrations/1700000000300-AddUserReadinessScore.js", "pattern": "/^module.exports = { AddUserReadinessScore1700000000300 };$/", "language": "JavaScript", "kind": "field", "scope": "module.exports", "scopeKind": "class"}, {"_type": "tag", "name": "down", "path": "/home/kavia/workspace/code-generation/digitalt3-learning-insights-platform-311763-311772/lms_backend/src/migrations/1700000000300-AddUserReadinessScore.js", "pattern": "/^  async down(queryRunner) {$/", "language": "JavaScript", "kind": "method", "signature": "(queryRunner)", "scope": "AddUserReadinessScore1700000000300", "scopeKind": "class"}, {"_type": "tag", "name": "name", "path": "/home/kavia/workspace/code-generation/digitalt3-learning-insights-platform-311763-311772/lms_backend/src/migrations/1700000000300-AddUserReadinessScore.js", "pattern": "/^  name = 'AddUserReadinessScore1700000000300';$/", "language": "JavaScript", "kind": "field", "scope": "AddUserReadinessScore1700000000300", "scopeKind": "class"}, {"_type": "tag", "name": "up", "path": "/home/kavia/workspace/code-generation/digitalt3-learning-insights-platform-311763-311772/lms_backend/src/migrations/1700000000300-AddUserReadinessScore.js", "pattern": "/^  async up(queryRunner) {$/", "language": "JavaScript", "kind": "method", "signature": "(queryRunner)", "scope": "AddUserReadinessScore1700000000300", "scopeKind": "class"}], "hash": "2a7a028c5c94f7633321b38b1cc022c1", "format-version": 4, "code-base-name": "lms_backend", "filename": "lms_backend/src/migrations/1700000000300-AddUserReadinessScore.js", "fields": [{"name": "module.exports = { AddUserReadinessScore1700000000300 };", "scope": "module.exports", "scopeKind": "class", "description": "unavailable"}, {"name": "name = 'AddUserReadinessScore1700000000300';", "scope": "AddUserReadinessScore1700000000300", "scopeKind": "class", "description": "unavailable"}], "revision_history": [{"148": "4cd6ac3e790150b91faf6afc529f9c48e0d66c83"}]}