{"is_source_file": true, "format": "JavaScript", "description": "This file defines a Course entity schema for use with TypeORM, including its columns, relationships, and some constants related to course status values.", "external_files": ["typeorm"], "external_methods": [], "published": ["CourseEntity", "COURSE_STATUSES"], "classes": [], "methods": [], "calls": ["require('typeorm')"], "search-terms": ["CourseEntity", "EntitySchema", "course", "TypeORM schema", "COURSE_STATUSES", "lesson", "User", "tableName"], "state": 2, "file_id": 24, "knowledge_revision": 114, "git_revision": "ac0f6efe3cff082774d90dbbaa94ede573f6657f", "revision_history": [{"82": "ac0f6efe3cff082774d90dbbaa94ede573f6657f"}, {"114": "ac0f6efe3cff082774d90dbbaa94ede573f6657f"}], "ctags": [{"_type": "tag", "name": "COURSE_STATUSES", "path": "/home/kavia/workspace/code-generation/digitalt3-learning-insights-platform-311763-311772/lms_backend/src/entities/Course.js", "pattern": "/^const COURSE_STATUSES = ['draft', 'published', 'archived'];$/", "language": "JavaScript", "kind": "constant"}, {"_type": "tag", "name": "CourseEntity", "path": "/home/kavia/workspace/code-generation/digitalt3-learning-insights-platform-311763-311772/lms_backend/src/entities/Course.js", "pattern": "/^const CourseEntity = new EntitySchema({$/", "language": "JavaScript", "kind": "constant"}, {"_type": "tag", "name": "CourseEntity", "path": "/home/kavia/workspace/code-generation/digitalt3-learning-insights-platform-311763-311772/lms_backend/src/entities/Course.js", "pattern": "/^module.exports = { CourseEntity, COURSE_STATUSES };$/", "language": "JavaScript", "kind": "field", "scope": "module.exports", "scopeKind": "class"}], "hash": "ad1ebaea9cac5e1f23bb57f4c4b6324b", "format-version": 4, "code-base-name": "lms_backend", "filename": "lms_backend/src/entities/Course.js", "fields": [{"name": "module.exports = { CourseEntity, COURSE_STATUSES };", "scope": "module.exports", "scopeKind": "class", "description": "unavailable"}]}