{"is_source_file": true, "format": "JavaScript", "description": "This is the main application setup file for an Express.js server. It configures middleware such as CORS, Swagger UI, health checks, routing, and error handling.", "external_files": ["./routes", "../swagger"], "external_methods": ["cors", "express", "swaggerUi.setup", "swaggerUi.serve"], "published": ["app"], "classes": [], "methods": [{"name": "<anonymous> (GET /openapi.json)", "description": "Serves the dynamic OpenAPI JSON specification, adjusting server URL based on incoming request."}, {"name": "<anonymous> (GET /api/health)", "description": "Provides a simple healthcheck endpoint returning status 'ok'."}], "calls": ["require('cors')", "require('express')", "require('./routes')", "require('swagger-ui-express')", "require('../swagger')", "app.use", "app.get", "req.get", "req.socket.localPort", "req.protocol", "req.secure", "res.status", "res.json", "console.error"], "search-terms": ["app.js", "CORS configuration", "Swagger UI setup", "dynamic OpenAPI spec", "healthcheck endpoint"], "state": 2, "file_id": 9, "knowledge_revision": 153, "git_revision": "69abf06a2675de764629af18084a45756deefb42", "revision_history": [{"23": "77a8c91aa2023b738bc0546c1506bce322855d00"}, {"39": "827b5f29f7e96a66bd426cb06b2015596f17e595"}, {"46": "8644730aac4a39e77655a2dd2d49db5f6852b125"}, {"61": "b59227a038dc29f0ace6e40ce989dbf530e53cf1"}, {"125": "2ad351f398082359982a5fee492703cda513fed8"}, {"153": "69abf06a2675de764629af18084a45756deefb42"}], "ctags": [{"_type": "tag", "name": "allowedOrigins", "path": "/home/kavia/workspace/code-generation/digitalt3-learning-insights-platform-311763-311772/lms_backend/src/app.js", "pattern": "/^const allowedOrigins = (process.env.ALLOWED_ORIGINS || '*')$/", "language": "JavaScript", "kind": "constant"}, {"_type": "tag", "name": "app", "path": "/home/kavia/workspace/code-generation/digitalt3-learning-insights-platform-311763-311772/lms_backend/src/app.js", "pattern": "/^const app = express();$/", "language": "JavaScript", "kind": "constant"}, {"_type": "tag", "name": "cors", "path": "/home/kavia/workspace/code-generation/digitalt3-learning-insights-platform-311763-311772/lms_backend/src/app.js", "pattern": "/^const cors = require('cors');$/", "language": "JavaScript", "kind": "constant"}, {"_type": "tag", "name": "express", "path": "/home/kavia/workspace/code-generation/digitalt3-learning-insights-platform-311763-311772/lms_backend/src/app.js", "pattern": "/^const express = require('express');$/", "language": "JavaScript", "kind": "constant"}, {"_type": "tag", "name": "routes", "path": "/home/kavia/workspace/code-generation/digitalt3-learning-insights-platform-311763-311772/lms_backend/src/app.js", "pattern": "/^const routes = require('.\\/routes');$/", "language": "JavaScript", "kind": "constant"}, {"_type": "tag", "name": "swaggerSpec", "path": "/home/kavia/workspace/code-generation/digitalt3-learning-insights-platform-311763-311772/lms_backend/src/app.js", "pattern": "/^const swaggerSpec = require('..\\/swagger');$/", "language": "JavaScript", "kind": "constant"}, {"_type": "tag", "name": "swaggerUi", "path": "/home/kavia/workspace/code-generation/digitalt3-learning-insights-platform-311763-311772/lms_backend/src/app.js", "pattern": "/^const swaggerUi = require('swagger-ui-express');$/", "language": "JavaScript", "kind": "constant"}, {"_type": "tag", "name": "swaggerUiMiddleware", "path": "/home/kavia/workspace/code-generation/digitalt3-learning-insights-platform-311763-311772/lms_backend/src/app.js", "pattern": "/^const swaggerUiMiddleware = swaggerUi.setup(null, {$/", "language": "JavaScript", "kind": "constant"}], "hash": "695312aae740a7764179b4fe051f8f74", "format-version": 4, "code-base-name": "lms_backend", "filename": "lms_backend/src/app.js"}