{"is_source_file": true, "format": "JavaScript", "description": "This is an Express.js route module implementing authentication endpoints including user registration, login, and retrieval of current user profile, utilizing bcrypt for password hashing and JWT for token management.", "external_files": ["../middleware/auth", "../utils/jwt", "../config/db"], "external_methods": ["signAccessToken"], "published": [], "classes": [], "methods": [{"name": "router.post('/register')", "description": "Handles new user registration, hashing the password, creating user record, and returning a JWT token."}, {"name": "router.post('/login')", "description": "Authenticates user credentials and issues a JWT token upon success."}, {"name": "router.get('/me')", "description": "Retrieves the profile of the current authenticated user."}], "calls": ["getDataSource()", "bcrypt.hash", "userRepo.findOne", "userRepo.create", "userRepo.save", "signAccessToken", "bcrypt.compare"], "search-terms": ["auth", "jwt", "register", "login", "authMiddleware", "passwordHash", "User repository", "Token generation"], "state": 2, "file_id": 18, "knowledge_revision": 86, "git_revision": "ac0f6efe3cff082774d90dbbaa94ede573f6657f", "revision_history": [{"45": "827b5f29f7e96a66bd426cb06b2015596f17e595"}, {"78": "ac0f6efe3cff082774d90dbbaa94ede573f6657f"}, {"86": "ac0f6efe3cff082774d90dbbaa94ede573f6657f"}], "ctags": [{"_type": "tag", "name": "authMiddleware", "path": "/home/kavia/workspace/code-generation/digitalt3-learning-insights-platform-311763-311772/lms_backend/src/routes/auth.js", "pattern": "/^const authMiddleware = require('..\\/middleware\\/auth');$/", "language": "JavaScript", "kind": "constant"}, {"_type": "tag", "name": "bcrypt", "path": "/home/kavia/workspace/code-generation/digitalt3-learning-insights-platform-311763-311772/lms_backend/src/routes/auth.js", "pattern": "/^const bcrypt = require('bcrypt');$/", "language": "JavaScript", "kind": "constant"}, {"_type": "tag", "name": "express", "path": "/home/kavia/workspace/code-generation/digitalt3-learning-insights-platform-311763-311772/lms_backend/src/routes/auth.js", "pattern": "/^const express = require('express');$/", "language": "JavaScript", "kind": "constant"}, {"_type": "tag", "name": "router", "path": "/home/kavia/workspace/code-generation/digitalt3-learning-insights-platform-311763-311772/lms_backend/src/routes/auth.js", "pattern": "/^const router = express.Router();$/", "language": "JavaScript", "kind": "constant"}], "hash": "899ee43cf510033a338993ce1212eeb2", "format-version": 4, "code-base-name": "lms_backend", "filename": "lms_backend/src/routes/auth.js"}