{"is_source_file": true, "format": "JavaScript", "description": "This file defines a 'User' entity schema for use with TypeORM in a Node.js backend. It specifies the database table structure, columns, data types, relations to 'Course' entities, and roles for users within the learning platform.", "external_files": ["typeorm"], "external_methods": [], "published": ["UserEntity", "ROLES"], "classes": [], "methods": [], "calls": ["require('typeorm')"], "search-terms": ["UserEntity", "typeorm", "EntitySchema", "User", "roles", "coursesCreated", "coursesUpdated", "readinessScore", "relation", "entity schema"], "state": 2, "file_id": 23, "knowledge_revision": 145, "git_revision": "4cd6ac3e790150b91faf6afc529f9c48e0d66c83", "revision_history": [{"81": "ac0f6efe3cff082774d90dbbaa94ede573f6657f"}, {"145": "4cd6ac3e790150b91faf6afc529f9c48e0d66c83"}], "ctags": [{"_type": "tag", "name": "ROLES", "path": "/home/kavia/workspace/code-generation/digitalt3-learning-insights-platform-311763-311772/lms_backend/src/entities/User.js", "pattern": "/^const ROLES = ['admin', 'instructor', 'learner'];$/", "language": "JavaScript", "kind": "constant"}, {"_type": "tag", "name": "UserEntity", "path": "/home/kavia/workspace/code-generation/digitalt3-learning-insights-platform-311763-311772/lms_backend/src/entities/User.js", "pattern": "/^const UserEntity = new EntitySchema({$/", "language": "JavaScript", "kind": "constant"}, {"_type": "tag", "name": "UserEntity", "path": "/home/kavia/workspace/code-generation/digitalt3-learning-insights-platform-311763-311772/lms_backend/src/entities/User.js", "pattern": "/^module.exports = { UserEntity, ROLES };$/", "language": "JavaScript", "kind": "field", "scope": "module.exports", "scopeKind": "class"}], "hash": "4969fc68920202c63b08be1e7ec8a184", "format-version": 4, "code-base-name": "lms_backend", "filename": "lms_backend/src/entities/User.js", "fields": [{"name": "module.exports = { UserEntity, ROLES };", "scope": "module.exports", "scopeKind": "class", "description": "unavailable"}]}