{"is_source_file": false, "format": "", "description": "", "external_files": [], "external_methods": [], "published": [], "classes": [], "methods": [], "calls": [], "search-terms": [], "state": 2, "file_id": 6, "knowledge_revision": 160, "git_revision": "87dfb07418666d26c020e4b0c1a612f0f6a98ad6", "revision_history": [{"40": "827b5f29f7e96a66bd426cb06b2015596f17e595"}, {"71": "8b743168c96a245e698b88134ae601b470eb59d3"}, {"72": "ac0f6efe3cff082774d90dbbaa94ede573f6657f"}, {"102": "10ba7d57aad0e4f061591f056398d807b21221c1"}, {"109": "ec96192f1d80eb4e3a47fda16d45510b6152e10d"}, {"120": "ec96192f1d80eb4e3a47fda16d45510b6152e10d"}, {"135": "7c132f2ba0cbfa921f47c07d4be8fedc5411604f"}, {"142": "3db7263670f21a9dca189aea6f523ca103b1eeee"}, {"150": "2e19f9ffe46e98d5f7b9c5c34c275b31a527a0d1"}, {"157": "87dfb07418666d26c020e4b0c1a612f0f6a98ad6"}, {"160": "87dfb07418666d26c020e4b0c1a612f0f6a98ad6"}], "hash": "3dd0ae90b2ec215b553999dd7c760e7f", "format-version": 4, "code-base-name": "lms_backend", "filename": "lms_backend/package.json"}