{"is_source_file": true, "format": "JavaScript", "description": "This file defines an Express.js router setup for an LMS backend, registering endpoints for health checks, authentication, courses, lessons, and nested lessons by course. It includes Swagger documentation annotations.", "external_files": ["../controllers/health", "./auth", "./courses", "./lessons"], "external_methods": ["healthController.check.bind", "router.use"], "published": ["module.exports"], "classes": [], "methods": [{"name": "router.get", "description": "Defines GET endpoint for the root path, invoking healthController.check."}, {"name": "router.use", "description": "Mounts sub-routers for auth, courses, lessons, and nested lessons by course."}], "calls": ["express.Router", "healthController.check", "authRoutes", "courseRoutes", "lessonRoutes"], "search-terms": ["index.js", "Express router setup", "health endpoint", "Swagger documentation", "nested lessons route", "routes in LMS backend"], "state": 2, "file_id": 11, "knowledge_revision": 112, "git_revision": "9173f91978c11d621ad63dfe958f9598b564df96", "revision_history": [{"25": "77a8c91aa2023b738bc0546c1506bce322855d00"}, {"35": "827b5f29f7e96a66bd426cb06b2015596f17e595"}, {"48": "8644730aac4a39e77655a2dd2d49db5f6852b125"}, {"56": "fdfbc0c8211f970237ecb8a46f574b6d9e6f02f5"}, {"112": "9173f91978c11d621ad63dfe958f9598b564df96"}], "ctags": [{"_type": "tag", "name": "authRoutes", "path": "/home/kavia/workspace/code-generation/digitalt3-learning-insights-platform-311763-311772/lms_backend/src/routes/index.js", "pattern": "/^const authRoutes = require('.\\/auth');$/", "language": "JavaScript", "kind": "constant"}, {"_type": "tag", "name": "courseRoutes", "path": "/home/kavia/workspace/code-generation/digitalt3-learning-insights-platform-311763-311772/lms_backend/src/routes/index.js", "pattern": "/^const courseRoutes = require('.\\/courses');$/", "language": "JavaScript", "kind": "constant"}, {"_type": "tag", "name": "express", "path": "/home/kavia/workspace/code-generation/digitalt3-learning-insights-platform-311763-311772/lms_backend/src/routes/index.js", "pattern": "/^const express = require('express');$/", "language": "JavaScript", "kind": "constant"}, {"_type": "tag", "name": "healthController", "path": "/home/kavia/workspace/code-generation/digitalt3-learning-insights-platform-311763-311772/lms_backend/src/routes/index.js", "pattern": "/^const healthController = require('..\\/controllers\\/health');$/", "language": "JavaScript", "kind": "constant"}, {"_type": "tag", "name": "lessonRoutes", "path": "/home/kavia/workspace/code-generation/digitalt3-learning-insights-platform-311763-311772/lms_backend/src/routes/index.js", "pattern": "/^const lessonRoutes = require('.\\/lessons');$/", "language": "JavaScript", "kind": "constant"}, {"_type": "tag", "name": "router", "path": "/home/kavia/workspace/code-generation/digitalt3-learning-insights-platform-311763-311772/lms_backend/src/routes/index.js", "pattern": "/^const router = express.Router();$/", "language": "JavaScript", "kind": "constant"}], "hash": "b882749bad24d6251cb70e1db3abfd5f", "format-version": 4, "code-base-name": "lms_backend", "filename": "lms_backend/src/routes/index.js"}