{"is_source_file": true, "format": "JavaScript", "description": "This file provides utility functions for signing and verifying JSON Web Tokens (JWT), including retrieving configuration from environment variables and handling errors related to missing secrets.", "external_files": ["jsonwebtoken"], "external_methods": ["jwt.sign", "jwt.verify"], "published": ["signAccessToken", "verifyAccessToken"], "classes": [], "methods": [{"name": "getJwtConfig()", "description": "Retrieves JWT configuration from environment variables, throws an error if the secret is missing.", "scope": "", "scopeKind": ""}, {"name": "signAccessToken(payload)", "description": "Signs a payload to generate a JWT access token using configuration settings.", "scope": "", "scopeKind": ""}, {"name": "verifyAccessToken(token)", "description": "Verifies a JWT token and returns the decoded payload.", "scope": "", "scopeKind": ""}], "calls": ["jwt.sign", "jwt.verify"], "search-terms": ["jwt", "signAccessToken", "verifyAccessToken", "JWT_SECRET", "JWT_EXPIRES_IN"], "state": 2, "file_id": 14, "knowledge_revision": 51, "git_revision": "4c25a0c02260f067c357b1357fee5c19d1be3f7e", "revision_history": [{"41": "827b5f29f7e96a66bd426cb06b2015596f17e595"}, {"51": "4c25a0c02260f067c357b1357fee5c19d1be3f7e"}], "ctags": [{"_type": "tag", "name": "DEFAULT_EXPIRES_IN", "path": "/home/kavia/workspace/code-generation/digitalt3-learning-insights-platform-311763-311772/lms_backend/src/utils/jwt.js", "pattern": "/^const DEFAULT_EXPIRES_IN = '1d';$/", "language": "JavaScript", "kind": "constant"}, {"_type": "tag", "name": "getJwtConfig", "path": "/home/kavia/workspace/code-generation/digitalt3-learning-insights-platform-311763-311772/lms_backend/src/utils/jwt.js", "pattern": "/^function getJwtConfig() {$/", "language": "JavaScript", "kind": "function", "signature": "()"}, {"_type": "tag", "name": "jwt", "path": "/home/kavia/workspace/code-generation/digitalt3-learning-insights-platform-311763-311772/lms_backend/src/utils/jwt.js", "pattern": "/^const jwt = require('jsonwebtoken');$/", "language": "JavaScript", "kind": "constant"}, {"_type": "tag", "name": "signAccessToken", "path": "/home/kavia/workspace/code-generation/digitalt3-learning-insights-platform-311763-311772/lms_backend/src/utils/jwt.js", "pattern": "/^  signAccessToken,$/", "language": "JavaScript", "kind": "field", "scope": "module.exports", "scopeKind": "class"}, {"_type": "tag", "name": "signAccessToken", "path": "/home/kavia/workspace/code-generation/digitalt3-learning-insights-platform-311763-311772/lms_backend/src/utils/jwt.js", "pattern": "/^function signAccessToken(payload) {$/", "language": "JavaScript", "kind": "function", "signature": "(payload)"}, {"_type": "tag", "name": "verifyAccessToken", "path": "/home/kavia/workspace/code-generation/digitalt3-learning-insights-platform-311763-311772/lms_backend/src/utils/jwt.js", "pattern": "/^function verifyAccessToken(token) {$/", "language": "JavaScript", "kind": "function", "signature": "(token)"}], "hash": "cee4517d784f3d106eb514e49c84c931", "format-version": 4, "code-base-name": "lms_backend", "filename": "lms_backend/src/utils/jwt.js", "fields": [{"name": "signAccessToken,", "scope": "module.exports", "scopeKind": "class", "description": "unavailable"}]}