{"is_source_file": true, "format": "JavaScript", "description": "This file initializes the database by running migrations and seed scripts, ensuring environment variables are set, and printing a summary of the database state post-initialization.", "external_files": ["../config/db", "../seeds/seed"], "external_methods": ["createDataSourceFromEnv", "require('../seeds/seed').runSeeds"], "published": ["initDb"], "classes": [], "methods": [{"name": "runMigrations()", "description": "Runs database migrations using the DataSource's runMigrations method with transaction support.", "scope": "", "scopeKind": ""}, {"name": "runSeeds()", "description": "Executes seed scripts by calling the existing seed function.", "scope": "", "scopeKind": ""}, {"name": "printSummary(ds)", "description": "Outputs a summary of the number of users, courses, and lessons in the database.", "scope": "", "scopeKind": ""}, {"name": "initDb()", "description": "Main function to run migrations, seeds, and print a database summary; validates environment variables.", "scope": "", "scopeKind": ""}], "calls": ["createDataSourceFromEnv", "ds.initialize", "ds.runMigrations", "ds.destroy", "require('../seeds/seed').runSeeds", "ds.getRepository", "console.log", "printSummary", "process.exit", "console.error"], "search-terms": ["db-init", "runMigrations", "runSeeds", "printSummary", "initDb", "database initialization", "seeds", "migrations", "TypeORM DataSource"], "state": 2, "file_id": 31, "knowledge_revision": 117, "git_revision": "ec96192f1d80eb4e3a47fda16d45510b6152e10d", "revision_history": [{"110": "ec96192f1d80eb4e3a47fda16d45510b6152e10d"}, {"117": "ec96192f1d80eb4e3a47fda16d45510b6152e10d"}], "ctags": [{"_type": "tag", "name": "initDb", "path": "/home/kavia/workspace/code-generation/digitalt3-learning-insights-platform-311763-311772/lms_backend/src/scripts/db-init.js", "pattern": "/^async function initDb() {$/", "language": "JavaScript", "kind": "function", "signature": "()"}, {"_type": "tag", "name": "initDb", "path": "/home/kavia/workspace/code-generation/digitalt3-learning-insights-platform-311763-311772/lms_backend/src/scripts/db-init.js", "pattern": "/^module.exports = { initDb };$/", "language": "JavaScript", "kind": "field", "scope": "module.exports", "scopeKind": "class"}, {"_type": "tag", "name": "printSummary", "path": "/home/kavia/workspace/code-generation/digitalt3-learning-insights-platform-311763-311772/lms_backend/src/scripts/db-init.js", "pattern": "/^async function printSummary(ds) {$/", "language": "JavaScript", "kind": "function", "signature": "(ds)"}, {"_type": "tag", "name": "runMigrations", "path": "/home/kavia/workspace/code-generation/digitalt3-learning-insights-platform-311763-311772/lms_backend/src/scripts/db-init.js", "pattern": "/^async function runMigrations() {$/", "language": "JavaScript", "kind": "function", "signature": "()"}, {"_type": "tag", "name": "runSeeds", "path": "/home/kavia/workspace/code-generation/digitalt3-learning-insights-platform-311763-311772/lms_backend/src/scripts/db-init.js", "pattern": "/^async function runSeeds() {$/", "language": "JavaScript", "kind": "function", "signature": "()"}], "hash": "70e1b3dc65dcb0d239df05e5470786f3", "format-version": 4, "code-base-name": "lms_backend", "filename": "lms_backend/src/scripts/db-init.js", "fields": [{"name": "module.exports = { initDb };", "scope": "module.exports", "scopeKind": "class", "description": "unavailable"}]}