{"is_source_file": true, "format": "JavaScript", "description": "This file defines a database migration class AddLessonVideoFields1700000000200 that adds 'videoUrl' and 'duration' fields to the 'lessons' table, with methods for applying ('up') and reverting ('down') the migration.", "external_files": [], "external_methods": [], "published": ["AddLessonVideoFields1700000000200"], "classes": [{"name": "AddLessonVideoFields1700000000200", "description": "A migration class for adding/removing video-related fields to the 'lessons' table."}], "methods": [{"name": "up(queryRunner)", "description": "Adds 'videoUrl' and 'duration' columns to the 'lessons' table.", "scope": "AddLessonVideoFields1700000000200", "scopeKind": "class"}, {"name": "down(queryRunner)", "description": "Removes 'videoUrl' and 'duration' columns from the 'lessons' table.", "scope": "AddLessonVideoFields1700000000200", "scopeKind": "class"}], "calls": ["queryRunner.query"], "search-terms": ["AddLessonVideoFields", "migration", "lessons table", "videoUrl", "duration"], "state": 2, "file_id": 35, "knowledge_revision": 136, "git_revision": "7c132f2ba0cbfa921f47c07d4be8fedc5411604f", "ctags": [{"_type": "tag", "name": "AddLessonVideoFields1700000000200", "path": "/home/kavia/workspace/code-generation/digitalt3-learning-insights-platform-311763-311772/lms_backend/src/migrations/1700000000200-AddLessonVideoFields.js", "pattern": "/^class AddLessonVideoFields1700000000200 {$/", "language": "JavaScript", "kind": "class"}, {"_type": "tag", "name": "AddLessonVideoFields1700000000200", "path": "/home/kavia/workspace/code-generation/digitalt3-learning-insights-platform-311763-311772/lms_backend/src/migrations/1700000000200-AddLessonVideoFields.js", "pattern": "/^module.exports = { AddLessonVideoFields1700000000200 };$/", "language": "JavaScript", "kind": "field", "scope": "module.exports", "scopeKind": "class"}, {"_type": "tag", "name": "down", "path": "/home/kavia/workspace/code-generation/digitalt3-learning-insights-platform-311763-311772/lms_backend/src/migrations/1700000000200-AddLessonVideoFields.js", "pattern": "/^  async down(queryRunner) {$/", "language": "JavaScript", "kind": "method", "signature": "(queryRunner)", "scope": "AddLessonVideoFields1700000000200", "scopeKind": "class"}, {"_type": "tag", "name": "name", "path": "/home/kavia/workspace/code-generation/digitalt3-learning-insights-platform-311763-311772/lms_backend/src/migrations/1700000000200-AddLessonVideoFields.js", "pattern": "/^  name = 'AddLessonVideoFields1700000000200';$/", "language": "JavaScript", "kind": "field", "scope": "AddLessonVideoFields1700000000200", "scopeKind": "class"}, {"_type": "tag", "name": "up", "path": "/home/kavia/workspace/code-generation/digitalt3-learning-insights-platform-311763-311772/lms_backend/src/migrations/1700000000200-AddLessonVideoFields.js", "pattern": "/^  async up(queryRunner) {$/", "language": "JavaScript", "kind": "method", "signature": "(queryRunner)", "scope": "AddLessonVideoFields1700000000200", "scopeKind": "class"}], "hash": "796b241ba4151af18677a08412d96b91", "format-version": 4, "code-base-name": "lms_backend", "filename": "lms_backend/src/migrations/1700000000200-AddLessonVideoFields.js", "fields": [{"name": "module.exports = { AddLessonVideoFields1700000000200 };", "scope": "module.exports", "scopeKind": "class", "description": "unavailable"}, {"name": "name = 'AddLessonVideoFields1700000000200';", "scope": "AddLessonVideoFields1700000000200", "scopeKind": "class", "description": "unavailable"}], "revision_history": [{"136": "7c132f2ba0cbfa921f47c07d4be8fedc5411604f"}]}