{"is_source_file": true, "format": "JavaScript", "description": "This file defines a 'Lesson' entity schema for use with TypeORM, including columns, relations, and constants related to lessons in an educational platform.", "external_files": ["typeorm"], "external_methods": [], "published": ["LessonEntity", "LESSON_STATUSES"], "classes": [], "methods": [], "calls": ["require('typeorm')"], "search-terms": ["LessonEntity", "lesson schema", "TypeORM entity", "lessons table", "lesson attributes"], "state": 2, "file_id": 25, "knowledge_revision": 130, "git_revision": "2ad351f398082359982a5fee492703cda513fed8", "revision_history": [{"83": "ac0f6efe3cff082774d90dbbaa94ede573f6657f"}, {"121": "2ad351f398082359982a5fee492703cda513fed8"}, {"130": "2ad351f398082359982a5fee492703cda513fed8"}], "ctags": [{"_type": "tag", "name": "LESSON_STATUSES", "path": "/home/kavia/workspace/code-generation/digitalt3-learning-insights-platform-311763-311772/lms_backend/src/entities/Lesson.js", "pattern": "/^const LESSON_STATUSES = ['draft', 'published', 'archived'];$/", "language": "JavaScript", "kind": "constant"}, {"_type": "tag", "name": "LessonEntity", "path": "/home/kavia/workspace/code-generation/digitalt3-learning-insights-platform-311763-311772/lms_backend/src/entities/Lesson.js", "pattern": "/^const LessonEntity = new EntitySchema({$/", "language": "JavaScript", "kind": "constant"}, {"_type": "tag", "name": "LessonEntity", "path": "/home/kavia/workspace/code-generation/digitalt3-learning-insights-platform-311763-311772/lms_backend/src/entities/Lesson.js", "pattern": "/^module.exports = { LessonEntity, LESSON_STATUSES };$/", "language": "JavaScript", "kind": "field", "scope": "module.exports", "scopeKind": "class"}], "hash": "c4d1dbc59a1a861926d11b567de9fd14", "format-version": 4, "code-base-name": "lms_backend", "filename": "lms_backend/src/entities/Lesson.js", "fields": [{"name": "module.exports = { LessonEntity, LESSON_STATUSES };", "scope": "module.exports", "scopeKind": "class", "description": "unavailable"}]}