{"is_source_file": true, "format": "JavaScript", "description": "This file defines a database migration class for initializing schema related to users, courses, and lessons tables, including creation and deletion logic.", "external_files": [], "external_methods": ["queryRunner.query"], "published": ["InitUsersCoursesLessons1700000000000"], "classes": [{"name": "InitUsersCoursesLessons1700000000000", "description": "A migration class that sets up initial tables for users, courses, and lessons, with the ability to apply or revert schema changes."}], "methods": [{"name": "up(queryRunner)", "description": "Applies the database schema changes to create users, courses, and lessons tables, including foreign key constraints.", "scope": "InitUsersCoursesLessons1700000000000", "scopeKind": "class"}, {"name": "down(queryRunner)", "description": "Reverts the schema changes by dropping foreign keys and tables related to users, courses, and lessons.", "scope": "InitUsersCoursesLessons1700000000000", "scopeKind": "class"}], "calls": ["queryRunner.query"], "search-terms": ["migration", "init schema", "users", "courses", "lessons", "1700000000000"], "state": 2, "file_id": 27, "knowledge_revision": 115, "git_revision": "10ba7d57aad0e4f061591f056398d807b21221c1", "revision_history": [{"104": "10ba7d57aad0e4f061591f056398d807b21221c1"}, {"115": "10ba7d57aad0e4f061591f056398d807b21221c1"}], "ctags": [{"_type": "tag", "name": "InitUsersCoursesLessons1700000000000", "path": "/home/kavia/workspace/code-generation/digitalt3-learning-insights-platform-311763-311772/lms_backend/src/migrations/1700000000000-InitUsersCoursesLessons.js", "pattern": "/^class InitUsersCoursesLessons1700000000000 {$/", "language": "JavaScript", "kind": "class"}, {"_type": "tag", "name": "InitUsersCoursesLessons1700000000000", "path": "/home/kavia/workspace/code-generation/digitalt3-learning-insights-platform-311763-311772/lms_backend/src/migrations/1700000000000-InitUsersCoursesLessons.js", "pattern": "/^module.exports = { InitUsersCoursesLessons1700000000000 };$/", "language": "JavaScript", "kind": "field", "scope": "module.exports", "scopeKind": "class"}, {"_type": "tag", "name": "down", "path": "/home/kavia/workspace/code-generation/digitalt3-learning-insights-platform-311763-311772/lms_backend/src/migrations/1700000000000-InitUsersCoursesLessons.js", "pattern": "/^  async down(queryRunner) {$/", "language": "JavaScript", "kind": "method", "signature": "(queryRunner)", "scope": "InitUsersCoursesLessons1700000000000", "scopeKind": "class"}, {"_type": "tag", "name": "name", "path": "/home/kavia/workspace/code-generation/digitalt3-learning-insights-platform-311763-311772/lms_backend/src/migrations/1700000000000-InitUsersCoursesLessons.js", "pattern": "/^  name = 'InitUsersCoursesLessons1700000000000';$/", "language": "JavaScript", "kind": "field", "scope": "InitUsersCoursesLessons1700000000000", "scopeKind": "class"}, {"_type": "tag", "name": "up", "path": "/home/kavia/workspace/code-generation/digitalt3-learning-insights-platform-311763-311772/lms_backend/src/migrations/1700000000000-InitUsersCoursesLessons.js", "pattern": "/^  async up(queryRunner) {$/", "language": "JavaScript", "kind": "method", "signature": "(queryRunner)", "scope": "InitUsersCoursesLessons1700000000000", "scopeKind": "class"}], "hash": "868cb7ec6f342b346f1b5071907c7b4f", "format-version": 4, "code-base-name": "lms_backend", "filename": "lms_backend/src/migrations/1700000000000-InitUsersCoursesLessons.js", "fields": [{"name": "module.exports = { InitUsersCoursesLessons1700000000000 };", "scope": "module.exports", "scopeKind": "class", "description": "unavailable"}, {"name": "name = 'InitUsersCoursesLessons1700000000000';", "scope": "InitUsersCoursesLessons1700000000000", "scopeKind": "class", "description": "unavailable"}]}