{"is_source_file": true, "format": "JavaScript", "description": "This file defines a HealthController class with a method to handle health check requests by calling a health service and returning status information.", "external_files": ["../services/health"], "external_methods": ["healthService.getStatus"], "published": ["new HealthController()"], "classes": [{"name": "HealthController", "description": "Controller handling health check requests by interfacing with a health service."}], "methods": [{"name": "check(req, res, next)", "description": "Handles incoming health check requests, retrieves health status from the health service, and responds with JSON.", "scope": "HealthController", "scopeKind": "class"}], "calls": ["healthService.getStatus()"], "search-terms": ["HealthController", "check", "healthService"], "state": 2, "file_id": 10, "knowledge_revision": 34, "git_revision": "827b5f29f7e96a66bd426cb06b2015596f17e595", "revision_history": [{"22": "77a8c91aa2023b738bc0546c1506bce322855d00"}, {"34": "827b5f29f7e96a66bd426cb06b2015596f17e595"}], "ctags": [{"_type": "tag", "name": "HealthController", "path": "/home/kavia/workspace/code-generation/digitalt3-learning-insights-platform-311763-311772/lms_backend/src/controllers/health.js", "pattern": "/^class HealthController {$/", "language": "JavaScript", "kind": "class"}, {"_type": "tag", "name": "check", "path": "/home/kavia/workspace/code-generation/digitalt3-learning-insights-platform-311763-311772/lms_backend/src/controllers/health.js", "pattern": "/^  async check(req, res, next) {$/", "language": "JavaScript", "kind": "method", "signature": "(req, res, next)", "scope": "HealthController", "scopeKind": "class"}, {"_type": "tag", "name": "exports", "path": "/home/kavia/workspace/code-generation/digitalt3-learning-insights-platform-311763-311772/lms_backend/src/controllers/health.js", "pattern": "/^module.exports = new HealthController();$/", "language": "JavaScript", "kind": "variable", "scope": "module", "scopeKind": "class"}, {"_type": "tag", "name": "healthService", "path": "/home/kavia/workspace/code-generation/digitalt3-learning-insights-platform-311763-311772/lms_backend/src/controllers/health.js", "pattern": "/^const healthService = require('..\\/services\\/health');$/", "language": "JavaScript", "kind": "constant"}], "hash": "3d1585073774ccaeadd4fa10c2c289ea", "format-version": 4, "code-base-name": "lms_backend", "filename": "lms_backend/src/controllers/health.js", "fields": [{"name": "module.exports = new HealthController();", "scope": "module", "scopeKind": "class", "description": "unavailable"}]}