{"is_source_file": true, "format": "JavaScript", "description": "This file generates an OpenAPI specification JSON file by reading a Swagger specification object and writing it to a designated output directory.", "external_files": ["./swagger"], "external_methods": ["require('fs')", "require('path')", "path.join", "fs.existsSync", "fs.mkdirSync", "fs.writeFileSync"], "published": [], "classes": [], "methods": [], "calls": ["path.join", "fs.existsSync", "fs.mkdirSync", "fs.writeFileSync"], "search-terms": ["generate_openapi", "swaggerSpec", "writeFileSync", "openapi.json"], "state": 2, "file_id": 2, "knowledge_revision": 49, "git_revision": "77a8c91aa2023b738bc0546c1506bce322855d00", "revision_history": [{"18": "77a8c91aa2023b738bc0546c1506bce322855d00"}, {"49": "77a8c91aa2023b738bc0546c1506bce322855d00"}], "ctags": [{"_type": "tag", "name": "fs", "path": "/home/kavia/workspace/code-generation/digitalt3-learning-insights-platform-311763-311772/lms_backend/generate_openapi.js", "pattern": "/^const fs = require('fs');$/", "language": "JavaScript", "kind": "constant"}, {"_type": "tag", "name": "outputDir", "path": "/home/kavia/workspace/code-generation/digitalt3-learning-insights-platform-311763-311772/lms_backend/generate_openapi.js", "pattern": "/^const outputDir = path.join(__dirname, 'interfaces');$/", "language": "JavaScript", "kind": "constant"}, {"_type": "tag", "name": "outputPath", "path": "/home/kavia/workspace/code-generation/digitalt3-learning-insights-platform-311763-311772/lms_backend/generate_openapi.js", "pattern": "/^const outputPath = path.join(outputDir, 'openapi.json');$/", "language": "JavaScript", "kind": "constant"}, {"_type": "tag", "name": "path", "path": "/home/kavia/workspace/code-generation/digitalt3-learning-insights-platform-311763-311772/lms_backend/generate_openapi.js", "pattern": "/^const path = require('path');$/", "language": "JavaScript", "kind": "constant"}, {"_type": "tag", "name": "swaggerSpec", "path": "/home/kavia/workspace/code-generation/digitalt3-learning-insights-platform-311763-311772/lms_backend/generate_openapi.js", "pattern": "/^const swaggerSpec = require('.\\/swagger');$/", "language": "JavaScript", "kind": "constant"}], "hash": "55a8452439ff8971a692025b12dc20dc", "format-version": 4, "code-base-name": "lms_backend", "filename": "lms_backend/generate_openapi.js"}