{"is_source_file": false, "format": "", "description": "", "external_files": [], "external_methods": [], "published": [], "classes": [], "methods": [], "calls": [], "search-terms": [], "state": 2, "file_id": 1, "knowledge_revision": 163, "git_revision": "87dfb07418666d26c020e4b0c1a612f0f6a98ad6", "revision_history": [{"17": "2d03c236918a65f6a898a6909806c2cebaa6d90e"}, {"159": "87dfb07418666d26c020e4b0c1a612f0f6a98ad6"}, {"163": "87dfb07418666d26c020e4b0c1a612f0f6a98ad6"}], "hash": "7f2ac1422daf796597e2e4be3fa31068", "format-version": 4, "code-base-name": "lms_backend", "filename": "README.md"}