{"is_source_file": false, "format": "", "description": "", "external_files": [], "external_methods": [], "published": [], "classes": [], "methods": [], "calls": [], "search-terms": [], "state": 2, "file_id": 30, "knowledge_revision": 106, "git_revision": "dc14c13456bc53b37048ae3ebc83414cbf0ab0ce", "hash": "b11e332a742dc86120fa8900dda6eac6", "format-version": 4, "code-base-name": "lms_frontend", "filename": "backend_backup/lms_frontend_public_index.html.json", "revision_history": [{"106": "dc14c13456bc53b37048ae3ebc83414cbf0ab0ce"}]}