{"is_source_file": false, "format": "", "description": "", "external_files": [], "external_methods": [], "published": [], "classes": [], "methods": [], "calls": [], "search-terms": [], "state": 2, "file_id": 50, "knowledge_revision": 126, "git_revision": "dc14c13456bc53b37048ae3ebc83414cbf0ab0ce", "hash": "c0cf60ba6131bdc545db293f10f23306", "format-version": 4, "code-base-name": "lms_frontend", "filename": "backend_backup/README.md.json", "revision_history": [{"126": "dc14c13456bc53b37048ae3ebc83414cbf0ab0ce"}]}