{"is_source_file": true, "format": "JavaScript", "description": "This file defines an API client module for interacting with a backend server in a React project. It includes configuration for the API base URL, error normalization, and exported functions for setting authorization tokens and making API requests.", "external_files": ["axios"], "external_methods": ["axios.create", "axios.request"], "published": ["getApiBaseUrl", "setApiAuthToken", "apiRequest", "api"], "classes": [], "methods": [{"name": "getApiBaseUrl()", "description": "Returns the configured API base URL, defaulting to 'http://localhost:4000'."}, {"name": "normalizeApiError(err)", "description": "Normalizes various backend/axios error formats into a consistent { message, status, data } shape."}, {"name": "setApiAuthToken(token)", "description": "Sets or clears the Bearer token in the shared axios instance headers."}, {"name": "apiRequest(config)", "description": "Performs an API request with error normalization, returning the response data or throwing a normalized error."}], "calls": ["axios.create", "axios.request", "getApiBaseUrl", "normalizeApiError"], "search-terms": ["axios API client", "React environment variables", "setApiAuthToken", "normalizeApiError", "apiRequest", "client.js"], "state": 2, "file_id": 34, "knowledge_revision": 113, "git_revision": "dc14c13456bc53b37048ae3ebc83414cbf0ab0ce", "hash": "84fe50a3e90be46965e58eb811d63d5d", "format-version": 4, "code-base-name": "lms_frontend", "filename": "backend_backup/lms_frontend_src_api_client.js.json", "revision_history": [{"113": "dc14c13456bc53b37048ae3ebc83414cbf0ab0ce"}]}