{"is_source_file": false, "format": "", "description": "", "external_files": [], "external_methods": [], "published": [], "classes": [], "methods": [], "calls": [], "search-terms": [], "state": 2, "file_id": 27, "knowledge_revision": 104, "git_revision": "dc14c13456bc53b37048ae3ebc83414cbf0ab0ce", "hash": "75d39854aa09d2eb578f89cc72d3e404", "format-version": 4, "code-base-name": "lms_frontend", "filename": "backend_backup/lms_frontend_public_manifest.json.json", "revision_history": [{"104": "dc14c13456bc53b37048ae3ebc83414cbf0ab0ce"}]}