{"is_source_file": true, "format": "JavaScript", "description": "This file manages the storage and retrieval of access tokens in local storage for authentication purposes, providing functions to get, set, and clear the token.", "external_files": [], "external_methods": ["localStorage.getItem", "localStorage.setItem", "localStorage.removeItem"], "published": ["getStoredToken", "setStoredToken", "clearStoredToken"], "classes": [], "methods": [{"name": "getStoredToken()", "description": "Retrieves the stored access token from local storage."}, {"name": "setStoredToken(token)", "description": "Stores an access token in local storage."}, {"name": "clearStoredToken()", "description": "Removes the stored access token from local storage."}], "calls": ["localStorage.getItem", "localStorage.setItem", "localStorage.removeItem"], "search-terms": ["tokenStorage", "localStorage", "access token", "token management"], "state": 2, "file_id": 40, "knowledge_revision": 118, "git_revision": "dc14c13456bc53b37048ae3ebc83414cbf0ab0ce", "hash": "2f5d75a866acd1dfb7d28b698078ec84", "format-version": 4, "code-base-name": "lms_frontend", "filename": "backend_backup/lms_frontend_src_auth_tokenStorage.js.json", "revision_history": [{"118": "dc14c13456bc53b37048ae3ebc83414cbf0ab0ce"}]}