{"is_source_file": true, "format": "JavaScript", "description": "This file defines a function `fetchCourses` that retrieves paginated course data from a backend API, supporting filtering by a search term. It uses an imported `apiRequest` function to perform the HTTP request.", "external_files": ["./client"], "external_methods": ["apiRequest"], "published": ["fetchCourses"], "classes": [], "methods": [{"name": "fetchCourses({ page = 1, limit = 12, search = '' } = {})", "description": "Fetches a paginated list of courses from the backend API, with optional filters for page number, limit, and search term.", "scope": "", "scopeKind": ""}], "calls": ["apiRequest"], "search-terms": ["fetchCourses", "pagination", "filter", "courses", "apiRequest", "search"], "state": 2, "file_id": 52, "knowledge_revision": 128, "git_revision": "dc14c13456bc53b37048ae3ebc83414cbf0ab0ce", "hash": "a3bea6e50bb55bb5f90c98fb728b5bcd", "format-version": 4, "code-base-name": "lms_frontend", "filename": "backend_backup/lms_frontend_src_api_courses.js.json", "revision_history": [{"128": "dc14c13456bc53b37048ae3ebc83414cbf0ab0ce"}]}