{"is_source_file": true, "format": "JavaScript", "description": "This file defines a function to fetch paginated lessons from an API endpoint, including optional filtering by course ID.", "external_files": ["./client"], "external_methods": ["apiRequest"], "published": ["fetchLessons"], "classes": [], "methods": [{"name": "fetchLessons({ page = 1, limit = 20, courseId } = {})", "description": "Fetches paginated lessons from the backend with optional filtering by course ID."}], "calls": ["apiRequest"], "search-terms": ["fetchLessons", "lessons", "paginated", "API request", "courseId"], "state": 2, "file_id": 35, "knowledge_revision": 112, "git_revision": "dc14c13456bc53b37048ae3ebc83414cbf0ab0ce", "hash": "5c6519e2c154f30897e0c4b104b39973", "format-version": 4, "code-base-name": "lms_frontend", "filename": "backend_backup/lms_frontend_src_api_lessons.js.json", "revision_history": [{"112": "dc14c13456bc53b37048ae3ebc83414cbf0ab0ce"}]}