{"is_source_file": true, "format": "JavaScript (React JSX)", "description": "This file defines a React component named 'CourseGallery' that displays a paginated gallery of courses, including search functionality, loading/error states, and course cards. It also defines a 'CourseCard' subcomponent for rendering individual course details.", "external_files": ["../hooks/usePaginatedCourses"], "external_methods": ["usePaginatedCourses"], "published": ["default", "CourseGallery"], "classes": [], "methods": [{"name": "safeText", "description": "Utility function to ensure the input is a string, returning an empty string otherwise."}, {"name": "CourseCard", "description": "Functional React component that displays individual course information, including title, description, category, and level."}, {"name": "useState", "description": "React hook for managing local state for search input."}, {"name": "useMemo", "description": "React hook for memoizing computed values based on dependencies, used here for range text calculation."}, {"name": "setPage", "description": "State updater function from 'usePaginatedCourses' hook to change the current page."}, {"name": "setSearch", "description": "State updater function from 'usePaginatedCourses' hook to update the search query."}, {"name": "refresh", "description": "Function to reload the courses list from backend."}], "calls": ["usePaginatedCourses", "setPage", "setSearch", "refresh", "CourseCard"], "search-terms": ["CourseGallery", "usePaginatedCourses", "pagination", "search filtering", "React components", "course cards", "loading states"], "state": 2, "file_id": 46, "knowledge_revision": 127, "git_revision": "dc14c13456bc53b37048ae3ebc83414cbf0ab0ce", "hash": "36cce6d5dc9386a6ee27072f1ccb1139", "format-version": 4, "code-base-name": "lms_frontend", "filename": "backend_backup/lms_frontend_src_components_CourseGallery.js.json", "revision_history": [{"127": "dc14c13456bc53b37048ae3ebc83414cbf0ab0ce"}]}