{"is_source_file": true, "format": "JavaScript (React JSX)", "description": "This file defines a React functional component 'HeaderNav' that renders a top navigation bar with links and authentication actions, such as login, signup, and logout, utilizing React Router for navigation and context for authentication state.", "external_files": ["../auth/AuthContext", "react", "react-router-dom"], "external_methods": ["useAuth()", "useNavigate()", "logout()", "navigate()", "Link", "NavLink"], "published": ["HeaderNav"], "classes": [], "methods": [{"name": "HeaderNav()", "description": "React functional component rendering the header navigation bar, managing auth state and navigation."}, {"name": "onLogout", "description": "Function invoked to log out the user and redirect to the login page."}], "calls": ["useAuth()", "useNavigate()", "logout()", "navigate('/login')", "Link", "NavLink"], "search-terms": ["React HeaderNav component", "auth-aware navigation bar", "react-router-dom navigation", "authentication display", "logout functionality"], "state": 2, "file_id": 38, "knowledge_revision": 121, "git_revision": "dc14c13456bc53b37048ae3ebc83414cbf0ab0ce", "hash": "0c9b98b59017bed6a535f06e7f933180", "format-version": 4, "code-base-name": "lms_frontend", "filename": "backend_backup/lms_frontend_src_components_HeaderNav.js.json", "revision_history": [{"121": "dc14c13456bc53b37048ae3ebc83414cbf0ab0ce"}]}