{"is_source_file": true, "format": "JavaScript", "description": "React component for displaying a quiz associated with a lesson, including fetching lesson content and submitting quiz answers via API calls.", "external_files": ["react", "axios"], "external_methods": ["React.useEffect", "React.useState", "React.useMemo", "axios.get", "axios.post"], "published": ["QuizView"], "classes": [], "methods": [{"name": "QuizView({ lessonId, apiBaseUrl })", "description": "Main React functional component that handles fetching lesson content, rendering the AI summary and quiz questions, managing user answers, and submitting the quiz.", "scope": "", "scopeKind": ""}, {"name": "load()", "scope": "QuizView", "scopeKind": "function", "description": "unavailable"}], "calls": ["axios.get", "axios.post"], "search-terms": ["React component", "lesson quiz", "AI summary", "submit-quiz API", "useEffect", "useState", "useMemo"], "state": 2, "file_id": 32, "knowledge_revision": 109, "git_revision": "dc14c13456bc53b37048ae3ebc83414cbf0ab0ce", "hash": "96d7c66bd080629ffa99eefec8a33838", "format-version": 4, "code-base-name": "lms_frontend", "filename": "backend_backup/lms_frontend_src_components_QuizView.js.json", "revision_history": [{"109": "dc14c13456bc53b37048ae3ebc83414cbf0ab0ce"}]}