{"is_source_file": false, "format": "", "description": "", "external_files": [], "external_methods": [], "published": [], "classes": [], "methods": [], "calls": [], "search-terms": [], "state": 2, "file_id": 39, "knowledge_revision": 114, "git_revision": "dc14c13456bc53b37048ae3ebc83414cbf0ab0ce", "hash": "c00266c82ea017503a5226774d36e71d", "format-version": 4, "code-base-name": "lms_frontend", "filename": "backend_backup/lms_frontend_package.json.json", "revision_history": [{"114": "dc14c13456bc53b37048ae3ebc83414cbf0ab0ce"}]}