{"is_source_file": false, "format": "", "description": "", "external_files": [], "external_methods": [], "published": [], "classes": [], "methods": [], "calls": [], "search-terms": [], "state": 2, "file_id": 43, "knowledge_revision": 115, "git_revision": "dc14c13456bc53b37048ae3ebc83414cbf0ab0ce", "hash": "a51d8216aca4856b98ea1bad712eb15a", "format-version": 4, "code-base-name": "lms_frontend", "filename": "backend_backup/lms_frontend_src_App.css.json", "revision_history": [{"115": "dc14c13456bc53b37048ae3ebc83414cbf0ab0ce"}]}