{"is_source_file": true, "format": "JavaScript (React JSX)", "description": "A React component implementing a user sign-up page with form validation, integration with authentication context, and navigation upon successful registration.", "external_files": ["../auth/AuthContext", "react", "react-router-dom"], "external_methods": ["useAuth", "useNavigate", "Link"], "published": ["SignupPage"], "classes": [], "methods": [{"name": "isValidEmail", "description": "Utility function to check if the email string contains an '@' character, indicating valid email format.", "scope": "", "scopeKind": ""}, {"name": "SignupPage", "description": "Main functional React component that renders the sign-up form and handles user registration logic.", "scope": "", "scopeKind": ""}], "calls": ["useAuth()", "useNavigate()", "register()", "navigate()", "setName()", "setEmail()", "setPassword()", "setError()", "setIsSubmitting()", "validate()", "try { register() }", "navigate()"], "search-terms": ["SignupPage", "React sign-up form", "authentication context", "useAuth", "useNavigate", "form validation"], "state": 2, "file_id": 28, "knowledge_revision": 110, "git_revision": "dc14c13456bc53b37048ae3ebc83414cbf0ab0ce", "hash": "efb37bc34906c27b47b66754943f152b", "format-version": 4, "code-base-name": "lms_frontend", "filename": "backend_backup/lms_frontend_src_pages_SignupPage.js.json", "revision_history": [{"110": "dc14c13456bc53b37048ae3ebc83414cbf0ab0ce"}]}