{"is_source_file": true, "format": "JavaScript (React JSX)", "description": "React component for the login page, handling user authentication via email and password, with validation, navigation, and mock login functionality.", "external_files": ["../auth/AuthContext", "react", "react-router-dom"], "external_methods": ["useAuth", "useNavigate", "useLocation", "login", "mockLogin"], "published": [], "classes": [], "methods": [{"name": "isValidEmail", "description": "Utility function to validate email addresses containing '@'."}, {"name": "LoginPage", "description": "Main React component rendering the login form, handling login logic, validation, and navigation."}], "calls": ["useAuth", "useNavigate", "useLocation", "login", "mockLogin", "navigate", "setError", "setIsSubmitting", "validate", "onSubmit", "onMockLogin"], "search-terms": ["LoginPage", "AuthContext", "React login form", "react-router-dom login", "email validation", "mock login"], "state": 2, "file_id": 44, "knowledge_revision": 125, "git_revision": "dc14c13456bc53b37048ae3ebc83414cbf0ab0ce", "hash": "482c4af2268d767b9bb6c492ddf50937", "format-version": 4, "code-base-name": "lms_frontend", "filename": "backend_backup/lms_frontend_src_pages_LoginPage.js.json", "revision_history": [{"125": "dc14c13456bc53b37048ae3ebc83414cbf0ab0ce"}]}