{"is_source_file": true, "format": "JavaScript (React)", "description": "A React component that acts as a protected route, ensuring the user is authenticated before accessing the child components. If not authenticated, it redirects to the login page, preserving the intended destination.", "external_files": ["./AuthContext", "react", "react-router-dom"], "external_methods": ["useAuth", "Navigate", "useLocation"], "published": [], "classes": [], "methods": [{"name": "ProtectedRoute({ children })", "description": "React component that renders children if the user is authenticated, otherwise redirects to login.", "scope": "", "scopeKind": ""}], "calls": ["useAuth", "useLocation", "Navigate"], "search-terms": ["ProtectedRoute", "auth", "react-router", "navigation", "authentication"], "state": 2, "file_id": 45, "knowledge_revision": 122, "git_revision": "dc14c13456bc53b37048ae3ebc83414cbf0ab0ce", "hash": "d3e6000f81d5531098b3a371e667d634", "format-version": 4, "code-base-name": "lms_frontend", "filename": "backend_backup/lms_frontend_src_auth_ProtectedRoute.js.json", "revision_history": [{"122": "dc14c13456bc53b37048ae3ebc83414cbf0ab0ce"}]}