{"is_source_file": true, "format": "JavaScript (React JSX)", "description": "This file defines a React functional component 'HomePage' which serves as a minimal landing page for the Learning Insights Platform front end. It displays different content based on the user's authentication state, including navigation links for login, sign-up, and dashboard access.", "external_files": ["../auth/AuthContext", "react", "react-router-dom"], "external_methods": ["useAuth"], "published": ["HomePage"], "classes": [], "methods": [{"name": "HomePage()", "description": "A React functional component rendering the landing page with user authentication-dependent content.", "scope": "", "scopeKind": ""}], "calls": ["useAuth", "Link", "user?.name", "user?.email"], "search-terms": ["HomePage", "React", "landing page", "auth context", "react-router-dom", "UI components", "conditional rendering"], "state": 2, "file_id": 31, "knowledge_revision": 107, "git_revision": "dc14c13456bc53b37048ae3ebc83414cbf0ab0ce", "hash": "6395870f2e4cf84d02909fc933844188", "format-version": 4, "code-base-name": "lms_frontend", "filename": "backend_backup/lms_frontend_src_pages_HomePage.js.json", "revision_history": [{"107": "dc14c13456bc53b37048ae3ebc83414cbf0ab0ce"}]}