{"is_source_file": true, "format": "JavaScript (React hook)", "description": "This file defines a custom React hook 'usePaginatedCourses' for fetching and managing paginated course data, including normalization of API responses and supporting search, pagination state, and refresh functionality.", "external_files": ["../api/courses"], "external_methods": ["fetchCourses"], "published": ["usePaginatedCourses"], "classes": [], "methods": [{"name": "normalizeCoursesResponse", "description": "Normalizes the API response into a consistent object { items, total, page, limit } regardless of varying backend response shapes."}, {"name": "usePaginatedCourses", "description": "A React hook for fetching, paginating, and managing course data with support for search, refresh, and loading/error states."}], "calls": ["fetchCourses", "React.useCallback", "React.useEffect", "React.useMemo", "React.useState"], "search-terms": ["usePaginatedCourses", "normalizeCoursesResponse", "pagination", "React hook", "courses data fetch"], "state": 2, "file_id": 42, "knowledge_revision": 119, "git_revision": "dc14c13456bc53b37048ae3ebc83414cbf0ab0ce", "hash": "8a57d2be47d5adfbc388a4c58e5e2a30", "format-version": 4, "code-base-name": "lms_frontend", "filename": "backend_backup/lms_frontend_src_hooks_usePaginatedCourses.js.json", "revision_history": [{"119": "dc14c13456bc53b37048ae3ebc83414cbf0ab0ce"}]}