{"is_source_file": false, "format": "", "description": "", "external_files": [], "external_methods": [], "published": [], "classes": [], "methods": [], "calls": [], "search-terms": [], "state": 2, "file_id": 29, "knowledge_revision": 105, "git_revision": "dc14c13456bc53b37048ae3ebc83414cbf0ab0ce", "hash": "9ef48a4710e02ccd7da5677373b2f4e0", "format-version": 4, "code-base-name": "lms_frontend", "filename": "backend_backup/lms_frontend_README.md.json", "revision_history": [{"105": "dc14c13456bc53b37048ae3ebc83414cbf0ab0ce"}]}