{"is_source_file": true, "format": "JavaScript module (.mjs)", "description": "ESLint configuration file that sets up linting rules for JavaScript and JSX files, incorporating plugins for JavaScript and React, and specifying environment globals and rules.", "external_files": ["@eslint/js", "eslint-plugin-react"], "external_methods": [], "published": [], "classes": [], "methods": [{"name": "default", "description": "Default export of an array configuring ESLint rules, plugins, and environment options."}], "calls": ["pluginJs", "pluginReact", "pluginJs.configs.recommended"], "search-terms": ["eslint", "eslint.config.mjs", "react", "jsx", "plugins", "rules", "globals", "ecmaVersion", "sourceType"], "state": 2, "file_id": 37, "knowledge_revision": 116, "git_revision": "dc14c13456bc53b37048ae3ebc83414cbf0ab0ce", "hash": "1f33606395ca2c9e28349b747221a9c7", "format-version": 4, "code-base-name": "lms_frontend", "filename": "backend_backup/lms_frontend_eslint.config.mjs.json", "revision_history": [{"116": "dc14c13456bc53b37048ae3ebc83414cbf0ab0ce"}]}