{"is_source_file": true, "format": "JavaScript", "description": "This file is a setup file for configuring the testing environment with additional DOM matchers from '@testing-library/jest-dom'. It imports custom matchers to enhance Jest's testing capabilities for DOM nodes.", "external_files": ["@testing-library/jest-dom"], "external_methods": [], "published": [], "classes": [], "methods": [], "calls": ["import '@testing-library/jest-dom'"], "search-terms": ["setupTests.js", "jest-dom", "testing-library", "jest matchers", "test setup"], "state": 2, "file_id": 36, "knowledge_revision": 117, "git_revision": "dc14c13456bc53b37048ae3ebc83414cbf0ab0ce", "hash": "4d1686b65a622155765cc6d2877ec7bc", "format-version": 4, "code-base-name": "lms_frontend", "filename": "backend_backup/lms_frontend_src_setupTests.js.json", "revision_history": [{"117": "dc14c13456bc53b37048ae3ebc83414cbf0ab0ce"}]}