{"is_source_file": true, "format": "JavaScript", "description": "React context provider module for managing authentication state, including login, registration, token management, and user info, using JWT backend endpoints.", "external_files": ["../api/client", "./tokenStorage"], "external_methods": ["apiRequest", "setApiAuthToken", "clearStoredToken", "getStoredToken", "setStoredToken"], "published": ["AuthProvider", "useAuth"], "classes": [], "methods": [{"name": "normalizeUser(user)", "description": "Normalizes user object to ensure consistent structure with string id and optional fields."}, {"name": "AuthProvider({ children })", "description": "React context provider component managing authentication state, including login, registration, mock login, and logout functions."}, {"name": "useAuth()", "description": "Custom hook for accessing authentication context values."}], "calls": ["apiRequest('/auth/me')", "apiRequest('/auth/login')", "apiRequest('/auth/register')"], "search-terms": ["React AuthContext", "JWT authentication", "useCallback", "useEffect", "token storage", "mock login"], "state": 2, "file_id": 49, "knowledge_revision": 130, "git_revision": "dc14c13456bc53b37048ae3ebc83414cbf0ab0ce", "hash": "f82674d7741d23c5ec2e4638285890ce", "format-version": 4, "code-base-name": "lms_frontend", "filename": "backend_backup/lms_frontend_src_auth_AuthContext.js.json", "revision_history": [{"130": "dc14c13456bc53b37048ae3ebc83414cbf0ab0ce"}]}