{"is_source_file": true, "format": "JavaScript", "description": "This is the main entry point for a React-based web application, responsible for rendering the root component within the DOM and setting up context providers and routing.", "external_files": ["./index.css", "./App", "./auth/AuthContext"], "external_methods": [], "published": [], "classes": [], "methods": [], "calls": ["ReactDOM.createRoot", "root.render", "<React.StrictMode>", "<BrowserRouter>", "<AuthProvider>", "<App />"], "search-terms": ["React", "ReactDOM", "BrowserRouter", "AuthProvider", "index.js", "React.StrictMode", "render", "index.css"], "state": 2, "file_id": 33, "knowledge_revision": 111, "git_revision": "dc14c13456bc53b37048ae3ebc83414cbf0ab0ce", "hash": "44b8c0c0bc4b37850eb6b191fc61b6c1", "format-version": 4, "code-base-name": "lms_frontend", "filename": "backend_backup/lms_frontend_src_index.js.json", "revision_history": [{"111": "dc14c13456bc53b37048ae3ebc83414cbf0ab0ce"}]}