{"is_source_file": true, "format": "JavaScript (React JSX)", "description": "This file defines a React functional component 'DashboardPage' that displays user information retrieved via the 'useAuth' hook and includes a 'CourseGallery' component. It serves as a dashboard page in a web application, showing authenticated user details and a course gallery.", "external_files": ["../auth/AuthContext", "../components/CourseGallery"], "external_methods": ["useAuth"], "published": ["DashboardPage"], "classes": [], "methods": [{"name": "DashboardPage()", "description": "React functional component that renders the user's dashboard with user info and course gallery.", "scope": "", "scopeKind": ""}], "calls": ["useAuth", "CourseGallery"], "search-terms": ["DashboardPage", "React", "useAuth", "CourseGallery", "User info", "Authenticated", "Dashboard"], "state": 2, "file_id": 41, "knowledge_revision": 120, "git_revision": "dc14c13456bc53b37048ae3ebc83414cbf0ab0ce", "hash": "427c77d523cb6ac8a9e70a9e26ea345b", "format-version": 4, "code-base-name": "lms_frontend", "filename": "backend_backup/lms_frontend_src_pages_DashboardPage.js.json", "revision_history": [{"120": "dc14c13456bc53b37048ae3ebc83414cbf0ab0ce"}]}