{"is_source_file": true, "format": "JavaScript (React JSX)", "description": "Main application component for the frontend, managing theme toggling and routing to different pages like Home, Login, Signup, and Dashboard, with protected routes.", "external_files": ["./components/HeaderNav", "./auth/ProtectedRoute", "./pages/HomePage", "./pages/LoginPage", "./pages/SignupPage", "./pages/DashboardPage", "./App.css"], "external_methods": ["useState", "useEffect"], "published": ["App"], "classes": [], "methods": [{"name": "toggleTheme", "description": "Function to toggle the theme between light and dark modes."}, {"name": "App()", "description": "Main functional component for the application."}], "calls": ["React.useState", "React.useEffect", "document.documentElement.setAttribute", "setTheme", "Route", "Navigate"], "search-terms": ["React App component", "theme toggling", "routing", "ProtectedRoute", "Pages", "HeaderNav", "useEffect", "useState"], "state": 2, "file_id": 51, "knowledge_revision": 129, "git_revision": "dc14c13456bc53b37048ae3ebc83414cbf0ab0ce", "hash": "fb1517b3a5aff075dcce975cebde3a55", "format-version": 4, "code-base-name": "lms_frontend", "filename": "backend_backup/lms_frontend_src_App.js.json", "revision_history": [{"129": "dc14c13456bc53b37048ae3ebc83414cbf0ab0ce"}]}