{"is_source_file": false, "format": "", "description": "", "external_files": [], "external_methods": [], "published": [], "classes": [], "methods": [], "calls": [], "search-terms": [], "state": 2, "file_id": 48, "knowledge_revision": 123, "git_revision": "dc14c13456bc53b37048ae3ebc83414cbf0ab0ce", "hash": "823a8f08754a1defe4f757847a77fdb0", "format-version": 4, "code-base-name": "lms_frontend", "filename": "backend_backup/lms_frontend_src_index.css.json", "revision_history": [{"123": "dc14c13456bc53b37048ae3ebc83414cbf0ab0ce"}]}