{"is_source_file": false, "format": "", "description": "", "external_files": [], "external_methods": [], "published": [], "classes": [], "methods": [], "calls": [], "search-terms": [], "state": 2, "file_id": 3, "knowledge_revision": 56, "git_revision": "4d95c7144f8bebe12678c8f665d5c853f638bc0e", "revision_history": [{"16": "d8069ab2291ac396b458e738f37013d39440ef1c"}, {"26": "d8069ab2291ac396b458e738f37013d39440ef1c"}, {"56": "4d95c7144f8bebe12678c8f665d5c853f638bc0e"}], "hash": "de3a8638ab973c2d54450ba31f8a0701", "format-version": 4, "code-base-name": "lms_frontend", "filename": "lms_frontend/package.json"}