{"is_source_file": true, "format": "JavaScript", "description": "This file is a setup file for configuring the testing environment with additional DOM matchers from '@testing-library/jest-dom'. It imports custom matchers to enhance Jest's testing capabilities for DOM nodes.", "external_files": ["@testing-library/jest-dom"], "external_methods": [], "published": [], "classes": [], "methods": [], "calls": ["import '@testing-library/jest-dom'"], "search-terms": ["setupTests.js", "jest-dom", "testing-library", "jest matchers", "test setup"], "state": 2, "file_id": 7, "knowledge_revision": 24, "git_revision": "d8069ab2291ac396b458e738f37013d39440ef1c", "ctags": [], "hash": "1a77571e1a8cf36018a41bcedf60db75", "format-version": 4, "code-base-name": "lms_frontend", "filename": "lms_frontend/src/setupTests.js", "revision_history": [{"24": "d8069ab2291ac396b458e738f37013d39440ef1c"}]}