{"is_source_file": true, "format": "JavaScript (React JSX)", "description": "This file defines a React functional component 'HomePage' which serves as a minimal landing page for the Learning Insights Platform front end. It displays different content based on the user's authentication state, including navigation links for login, sign-up, and dashboard access.", "external_files": ["../auth/AuthContext", "react", "react-router-dom"], "external_methods": ["useAuth"], "published": ["HomePage"], "classes": [], "methods": [{"name": "HomePage()", "description": "A React functional component rendering the landing page with user authentication-dependent content.", "scope": "", "scopeKind": ""}], "calls": ["useAuth", "Link", "user?.name", "user?.email"], "search-terms": ["HomePage", "React", "landing page", "auth context", "react-router-dom", "UI components", "conditional rendering"], "state": 2, "file_id": 18, "knowledge_revision": 46, "git_revision": "4d95c7144f8bebe12678c8f665d5c853f638bc0e", "ctags": [{"_type": "tag", "name": "HomePage", "path": "/home/kavia/workspace/code-generation/digitalt3-learning-insights-platform-311763-311774/lms_frontend/src/pages/HomePage.js", "pattern": "/^export default function HomePage() {$/", "language": "JavaScript", "kind": "function", "signature": "()"}], "hash": "0ac45be4f0060a9c7f083a795dcd0b8e", "format-version": 4, "code-base-name": "lms_frontend", "filename": "lms_frontend/src/pages/HomePage.js", "revision_history": [{"46": "4d95c7144f8bebe12678c8f665d5c853f638bc0e"}]}