{"is_source_file": true, "format": "JavaScript (React JSX)", "description": "This file defines a React functional component 'DashboardPage' that displays user information retrieved via the 'useAuth' hook and includes a 'CourseGallery' component. It serves as a dashboard page in a web application, showing authenticated user details and a course gallery.", "external_files": ["../auth/AuthContext", "../components/CourseGallery"], "external_methods": ["useAuth"], "published": ["DashboardPage"], "classes": [], "methods": [{"name": "DashboardPage()", "description": "React functional component that renders the user's dashboard with user info and course gallery.", "scope": "", "scopeKind": ""}], "calls": ["useAuth", "CourseGallery"], "search-terms": ["DashboardPage", "React", "useAuth", "CourseGallery", "User info", "Authenticated", "Dashboard"], "state": 2, "file_id": 19, "knowledge_revision": 63, "git_revision": "9b7233d7c7dcd726247a44afec84170eb717018d", "revision_history": [{"47": "4d95c7144f8bebe12678c8f665d5c853f638bc0e"}, {"63": "9b7233d7c7dcd726247a44afec84170eb717018d"}], "ctags": [{"_type": "tag", "name": "DashboardPage", "path": "/home/kavia/workspace/code-generation/digitalt3-learning-insights-platform-311763-311774/lms_frontend/src/pages/DashboardPage.js", "pattern": "/^export default function DashboardPage() {$/", "language": "JavaScript", "kind": "function", "signature": "()"}], "hash": "e1a4c4323b3025805261aec29afbae72", "format-version": 4, "code-base-name": "lms_frontend", "filename": "lms_frontend/src/pages/DashboardPage.js"}