{"is_source_file": true, "format": "JavaScript (React JSX)", "description": "Main application component for the frontend, managing theme toggling and routing to different pages like Home, Login, Signup, and Dashboard, with protected routes.", "external_files": ["./components/HeaderNav", "./auth/ProtectedRoute", "./pages/HomePage", "./pages/LoginPage", "./pages/SignupPage", "./pages/DashboardPage", "./App.css"], "external_methods": ["useState", "useEffect"], "published": ["App"], "classes": [], "methods": [{"name": "toggleTheme", "description": "Function to toggle the theme between light and dark modes."}, {"name": "App()", "scope": "", "scopeKind": "", "description": "unavailable"}], "calls": ["React.useState", "React.useEffect", "document.documentElement.setAttribute", "setTheme", "Route", "Navigate"], "search-terms": ["React App component", "theme toggling", "routing", "ProtectedRoute", "Pages", "HeaderNav", "useEffect", "useState"], "state": 2, "file_id": 4, "knowledge_revision": 37, "git_revision": "4d95c7144f8bebe12678c8f665d5c853f638bc0e", "revision_history": [{"25": "d8069ab2291ac396b458e738f37013d39440ef1c"}, {"37": "4d95c7144f8bebe12678c8f665d5c853f638bc0e"}], "ctags": [{"_type": "tag", "name": "App", "path": "/home/kavia/workspace/code-generation/digitalt3-learning-insights-platform-311763-311774/lms_frontend/src/App.js", "pattern": "/^function App() {$/", "language": "JavaScript", "kind": "function", "signature": "()"}, {"_type": "tag", "name": "Switch to ${theme === 'light' ? 'dark' : 'light'} mode", "path": "/home/kavia/workspace/code-generation/digitalt3-learning-insights-platform-311763-311774/lms_frontend/src/App.js", "pattern": "/^        aria-label={`Switch to ${theme === 'light' ? 'dark' : 'light'} mode`}$/", "language": "JavaScript", "kind": "field", "scope": "App.aria", "scopeKind": "class"}, {"_type": "tag", "name": "toggleTheme", "path": "/home/kavia/workspace/code-generation/digitalt3-learning-insights-platform-311763-311774/lms_frontend/src/App.js", "pattern": "/^        onClick={toggleTheme}$/", "language": "JavaScript", "kind": "field", "scope": "App.onClick", "scopeKind": "class"}], "hash": "dbef04759b07495fd43701c41b932978", "format-version": 4, "code-base-name": "lms_frontend", "filename": "lms_frontend/src/App.js", "fields": [{"name": "aria-label={`Switch to ${theme === 'light' ? 'dark' : 'light'} mode`}", "scope": "App.aria", "scopeKind": "class", "description": "unavailable"}, {"name": "onClick={toggleTheme}", "scope": "App.onClick", "scopeKind": "class", "description": "unavailable"}]}