{"is_source_file": true, "format": "JavaScript (React JSX)", "description": "A React component implementing a user sign-up page with form validation, integration with authentication context, and navigation upon successful registration.", "external_files": ["../auth/AuthContext", "react", "react-router-dom"], "external_methods": ["useAuth", "useNavigate", "Link"], "published": ["SignupPage"], "classes": [], "methods": [{"name": "isValidEmail(email)", "description": "Utility function to check if the email string contains an '@' character, indicating valid email format.", "scope": "", "scopeKind": ""}, {"name": "SignupPage()", "description": "Main functional React component that renders the sign-up form and handles user registration logic.", "scope": "", "scopeKind": ""}], "calls": ["useAuth()", "useNavigate()", "register()", "navigate()", "setName()", "setEmail()", "setPassword()", "setError()", "setIsSubmitting()", "validate()", "try { register() }", "navigate()"], "search-terms": ["SignupPage", "React sign-up form", "authentication context", "useAuth", "useNavigate", "form validation"], "state": 2, "file_id": 21, "knowledge_revision": 49, "git_revision": "4d95c7144f8bebe12678c8f665d5c853f638bc0e", "ctags": [{"_type": "tag", "name": "SignupPage", "path": "/home/kavia/workspace/code-generation/digitalt3-learning-insights-platform-311763-311774/lms_frontend/src/pages/SignupPage.js", "pattern": "/^export default function SignupPage() {$/", "language": "JavaScript", "kind": "function", "signature": "()"}, {"_type": "tag", "name": "email", "path": "/home/kavia/workspace/code-generation/digitalt3-learning-insights-platform-311763-311774/lms_frontend/src/pages/SignupPage.js", "pattern": "/^                value={email}$/", "language": "JavaScript", "kind": "field", "scope": "SignupPage.value", "scopeKind": "class"}, {"_type": "tag", "name": "isValidEmail", "path": "/home/kavia/workspace/code-generation/digitalt3-learning-insights-platform-311763-311774/lms_frontend/src/pages/SignupPage.js", "pattern": "/^function isValidEmail(email) {$/", "language": "JavaScript", "kind": "function", "signature": "(email)"}, {"_type": "tag", "name": "name", "path": "/home/kavia/workspace/code-generation/digitalt3-learning-insights-platform-311763-311774/lms_frontend/src/pages/SignupPage.js", "pattern": "/^                value={name}$/", "language": "JavaScript", "kind": "field", "scope": "SignupPage.value", "scopeKind": "class"}, {"_type": "tag", "name": "password", "path": "/home/kavia/workspace/code-generation/digitalt3-learning-insights-platform-311763-311774/lms_frontend/src/pages/SignupPage.js", "pattern": "/^                value={password}$/", "language": "JavaScript", "kind": "field", "scope": "SignupPage.value", "scopeKind": "class"}], "hash": "5a173a933018e9c364d43f2fa929b960", "format-version": 4, "code-base-name": "lms_frontend", "filename": "lms_frontend/src/pages/SignupPage.js", "fields": [{"name": "value={email}", "scope": "SignupPage.value", "scopeKind": "class", "description": "unavailable"}, {"name": "value={name}", "scope": "SignupPage.value", "scopeKind": "class", "description": "unavailable"}, {"name": "value={password}", "scope": "SignupPage.value", "scopeKind": "class", "description": "unavailable"}], "revision_history": [{"49": "4d95c7144f8bebe12678c8f665d5c853f638bc0e"}]}