{"is_source_file": true, "format": "JavaScript (React hook)", "description": "This file defines a custom React hook 'usePaginatedCourses' for fetching and managing paginated course data, including normalization of API responses and supporting search, pagination state, and refresh functionality.", "external_files": ["../api/courses"], "external_methods": ["fetchCourses"], "published": ["usePaginatedCourses"], "classes": [], "methods": [{"name": "normalizeCoursesResponse(payload)", "description": "Normalizes the API response into a consistent object { items, total, page, limit } regardless of varying backend response shapes.", "scope": "", "scopeKind": ""}, {"name": "usePaginatedCourses({ initialPage = 1, initialLimit = 12, initialSearch = '' } = {})", "description": "A React hook for fetching, paginating, and managing course data with support for search, refresh, and loading/error states.", "scope": "", "scopeKind": ""}], "calls": ["fetchCourses", "React.useCallback", "React.useEffect", "React.useMemo", "React.useState"], "search-terms": ["usePaginatedCourses", "normalizeCoursesResponse", "pagination", "React hook", "courses data fetch"], "state": 2, "file_id": 24, "knowledge_revision": 68, "git_revision": "9b7233d7c7dcd726247a44afec84170eb717018d", "ctags": [{"_type": "tag", "name": "normalizeCoursesResponse", "path": "/home/kavia/workspace/code-generation/digitalt3-learning-insights-platform-311763-311774/lms_frontend/src/hooks/usePaginatedCourses.js", "pattern": "/^function normalizeCoursesResponse(payload) {$/", "language": "JavaScript", "kind": "function", "signature": "(payload)"}, {"_type": "tag", "name": "usePaginatedCourses", "path": "/home/kavia/workspace/code-generation/digitalt3-learning-insights-platform-311763-311774/lms_frontend/src/hooks/usePaginatedCourses.js", "pattern": "/^export function usePaginatedCourses({ initialPage = 1, initialLimit = 12, initialSearch = '' } =/", "language": "JavaScript", "kind": "function", "signature": "({ initialPage = 1, initialLimit = 12, initialSearch = '' } = {})"}], "hash": "f95a5fef5bab44d5a8177522cb1e0d71", "format-version": 4, "code-base-name": "lms_frontend", "filename": "lms_frontend/src/hooks/usePaginatedCourses.js", "revision_history": [{"68": "9b7233d7c7dcd726247a44afec84170eb717018d"}]}