{"is_source_file": true, "format": "JavaScript module (.mjs)", "description": "ESLint configuration file that sets up linting rules for JavaScript and JSX files, incorporating plugins for JavaScript and React, and specifying environment globals and rules.", "external_files": ["@eslint/js", "eslint-plugin-react"], "external_methods": [], "published": [], "classes": [], "methods": [{"name": "default", "description": "Default export of an array configuring ESLint rules, plugins, and environment options."}], "calls": ["pluginJs", "pluginReact", "pluginJs.configs.recommended"], "search-terms": ["eslint", "eslint.config.mjs", "react", "jsx", "plugins", "rules", "globals", "ecmaVersion", "sourceType"], "state": 2, "file_id": 12, "knowledge_revision": 22, "git_revision": "d8069ab2291ac396b458e738f37013d39440ef1c", "hash": "be6538e7523bc2e9da0743133d784136", "format-version": 4, "code-base-name": "lms_frontend", "filename": "lms_frontend/eslint.config.mjs", "revision_history": [{"22": "d8069ab2291ac396b458e738f37013d39440ef1c"}]}