{"is_source_file": true, "format": "JavaScript", "description": "This file defines an API client module for interacting with a backend server in a React project. It includes configuration for the API base URL, error normalization, and exported functions for setting authorization tokens and making API requests.", "external_files": ["axios"], "external_methods": ["axios.create", "axios.request"], "published": ["getApiBaseUrl", "setApiAuthToken", "apiRequest", "api"], "classes": [], "methods": [{"name": "getApiBaseUrl()", "description": "Returns the configured API base URL, defaulting to 'http://localhost:4000'.", "scope": "", "scopeKind": ""}, {"name": "normalizeApiError(err)", "description": "Normalizes various backend/axios error formats into a consistent { message, status, data } shape.", "scope": "", "scopeKind": ""}, {"name": "setApiAuthToken(token)", "description": "Sets or clears the Bearer token in the shared axios instance headers.", "scope": "", "scopeKind": ""}, {"name": "apiRequest(config)", "description": "Performs an API request with error normalization, returning the response data or throwing a normalized error.", "scope": "", "scopeKind": ""}], "calls": ["axios.create", "axios.request", "getApiBaseUrl", "normalizeApiError"], "search-terms": ["axios API client", "React environment variables", "setApiAuthToken", "normalizeApiError", "apiRequest", "client.js"], "state": 2, "file_id": 13, "knowledge_revision": 57, "git_revision": "9b7233d7c7dcd726247a44afec84170eb717018d", "revision_history": [{"41": "4d95c7144f8bebe12678c8f665d5c853f638bc0e"}, {"57": "9b7233d7c7dcd726247a44afec84170eb717018d"}], "ctags": [{"_type": "tag", "name": "DEFAULT_BASE_URL", "path": "/home/kavia/workspace/code-generation/digitalt3-learning-insights-platform-311763-311774/lms_frontend/src/api/client.js", "pattern": "/^const DEFAULT_BASE_URL = 'http:\\/\\/localhost:4000';$/", "language": "JavaScript", "kind": "constant"}, {"_type": "tag", "name": "api", "path": "/home/kavia/workspace/code-generation/digitalt3-learning-insights-platform-311763-311774/lms_frontend/src/api/client.js", "pattern": "/^export const api = axios.create({$/", "language": "JavaScript", "kind": "constant"}, {"_type": "tag", "name": "apiRequest", "path": "/home/kavia/workspace/code-generation/digitalt3-learning-insights-platform-311763-311774/lms_frontend/src/api/client.js", "pattern": "/^export async function apiRequest(config) {$/", "language": "JavaScript", "kind": "function", "signature": "(config)"}, {"_type": "tag", "name": "getApiBaseUrl", "path": "/home/kavia/workspace/code-generation/digitalt3-learning-insights-platform-311763-311774/lms_frontend/src/api/client.js", "pattern": "/^export function getApiBaseUrl() {$/", "language": "JavaScript", "kind": "function", "signature": "()"}, {"_type": "tag", "name": "normalizeApiError", "path": "/home/kavia/workspace/code-generation/digitalt3-learning-insights-platform-311763-311774/lms_frontend/src/api/client.js", "pattern": "/^function normalizeApiError(err) {$/", "language": "JavaScript", "kind": "function", "signature": "(err)"}, {"_type": "tag", "name": "setApiAuthToken", "path": "/home/kavia/workspace/code-generation/digitalt3-learning-insights-platform-311763-311774/lms_frontend/src/api/client.js", "pattern": "/^export function setApiAuthToken(token) {$/", "language": "JavaScript", "kind": "function", "signature": "(token)"}], "hash": "a2ca2d7d9dbf9d6a60b46792da424083", "format-version": 4, "code-base-name": "lms_frontend", "filename": "lms_frontend/src/api/client.js"}