{"is_source_file": true, "format": "JavaScript", "description": "This file defines a function `fetchCourses` that retrieves paginated course data from a backend API, supporting filtering by a search term. It uses an imported `apiRequest` function to perform the HTTP request.", "external_files": ["./client"], "external_methods": ["apiRequest"], "published": ["fetchCourses"], "classes": [], "methods": [{"name": "fetchCourses({ page = 1, limit = 12, search = '' } = {})", "description": "Fetches a paginated list of courses from the backend API, with optional filters for page number, limit, and search term.", "scope": "", "scopeKind": ""}], "calls": ["apiRequest"], "search-terms": ["fetchCourses", "pagination", "filter", "courses", "apiRequest", "search"], "state": 2, "file_id": 22, "knowledge_revision": 66, "git_revision": "9b7233d7c7dcd726247a44afec84170eb717018d", "ctags": [{"_type": "tag", "name": "fetchCourses", "path": "/home/kavia/workspace/code-generation/digitalt3-learning-insights-platform-311763-311774/lms_frontend/src/api/courses.js", "pattern": "/^export async function fetchCourses({ page = 1, limit = 12, search = '' } = {}) {$/", "language": "JavaScript", "kind": "function", "signature": "({ page = 1, limit = 12, search = '' } = {})"}], "hash": "aeb064e1d5375d18d2bc507a438ab639", "format-version": 4, "code-base-name": "lms_frontend", "filename": "lms_frontend/src/api/courses.js", "revision_history": [{"66": "9b7233d7c7dcd726247a44afec84170eb717018d"}]}