{"is_source_file": false, "format": "", "description": "", "external_files": [], "external_methods": [], "published": [], "classes": [], "methods": [], "calls": [], "search-terms": [], "state": 2, "file_id": 10, "knowledge_revision": 20, "git_revision": "d8069ab2291ac396b458e738f37013d39440ef1c", "hash": "d9d975cebe2ec20b6c652e1e4c12ccf0", "format-version": 4, "code-base-name": "lms_frontend", "filename": "lms_frontend/public/manifest.json", "revision_history": [{"20": "d8069ab2291ac396b458e738f37013d39440ef1c"}]}