{"is_source_file": false, "format": "", "description": "", "external_files": [], "external_methods": [], "published": [], "classes": [], "methods": [], "calls": [], "search-terms": [], "state": 2, "file_id": 6, "knowledge_revision": 62, "git_revision": "9b7233d7c7dcd726247a44afec84170eb717018d", "revision_history": [{"18": "d8069ab2291ac396b458e738f37013d39440ef1c"}, {"38": "4d95c7144f8bebe12678c8f665d5c853f638bc0e"}, {"62": "9b7233d7c7dcd726247a44afec84170eb717018d"}], "hash": "01cb690dfce28e30391fb3f0a9ff8c3e", "format-version": 4, "code-base-name": "lms_frontend", "filename": "lms_frontend/src/App.css"}