{"is_source_file": true, "format": "JavaScript", "description": "This file manages the storage and retrieval of access tokens in local storage for authentication purposes, providing functions to get, set, and clear the token.", "external_files": [], "external_methods": ["localStorage.getItem", "localStorage.setItem", "localStorage.removeItem"], "published": ["getStoredToken", "setStoredToken", "clearStoredToken"], "classes": [], "methods": [{"name": "getStoredToken()", "description": "Retrieves the stored access token from local storage.", "scope": "", "scopeKind": ""}, {"name": "setStoredToken(token)", "description": "Stores an access token in local storage.", "scope": "", "scopeKind": ""}, {"name": "clearStoredToken()", "description": "Removes the stored access token from local storage.", "scope": "", "scopeKind": ""}], "calls": ["localStorage.getItem", "localStorage.setItem", "localStorage.removeItem"], "search-terms": ["tokenStorage", "localStorage", "access token", "token management"], "state": 2, "file_id": 14, "knowledge_revision": 42, "git_revision": "4d95c7144f8bebe12678c8f665d5c853f638bc0e", "ctags": [{"_type": "tag", "name": "TOKEN_KEY", "path": "/home/kavia/workspace/code-generation/digitalt3-learning-insights-platform-311763-311774/lms_frontend/src/auth/tokenStorage.js", "pattern": "/^const TOKEN_KEY = 'lms_access_token';$/", "language": "JavaScript", "kind": "constant"}, {"_type": "tag", "name": "clearStoredToken", "path": "/home/kavia/workspace/code-generation/digitalt3-learning-insights-platform-311763-311774/lms_frontend/src/auth/tokenStorage.js", "pattern": "/^export function clearStoredToken() {$/", "language": "JavaScript", "kind": "function", "signature": "()"}, {"_type": "tag", "name": "getStoredToken", "path": "/home/kavia/workspace/code-generation/digitalt3-learning-insights-platform-311763-311774/lms_frontend/src/auth/tokenStorage.js", "pattern": "/^export function getStoredToken() {$/", "language": "JavaScript", "kind": "function", "signature": "()"}, {"_type": "tag", "name": "setStoredToken", "path": "/home/kavia/workspace/code-generation/digitalt3-learning-insights-platform-311763-311774/lms_frontend/src/auth/tokenStorage.js", "pattern": "/^export function setStoredToken(token) {$/", "language": "JavaScript", "kind": "function", "signature": "(token)"}], "hash": "cb969c54e803127eb34ab97eb798099c", "format-version": 4, "code-base-name": "lms_frontend", "filename": "lms_frontend/src/auth/tokenStorage.js", "revision_history": [{"42": "4d95c7144f8bebe12678c8f665d5c853f638bc0e"}]}