{"is_source_file": true, "format": "JavaScript (React JSX)", "description": "This file defines a React functional component 'HeaderNav' that renders a top navigation bar with links and authentication actions, such as login, signup, and logout, utilizing React Router for navigation and context for authentication state.", "external_files": ["../auth/AuthContext", "react", "react-router-dom"], "external_methods": ["useAuth()", "useNavigate()", "logout()", "navigate()", "Link", "NavLink"], "published": ["HeaderNav"], "classes": [], "methods": [{"name": "HeaderNav()", "description": "React functional component rendering the header navigation bar, managing auth state and navigation.", "scope": "", "scopeKind": ""}, {"name": "onLogout", "description": "Function invoked to log out the user and redirect to the login page."}], "calls": ["useAuth()", "useNavigate()", "logout()", "navigate('/login')", "Link", "NavLink"], "search-terms": ["React HeaderNav component", "auth-aware navigation bar", "react-router-dom navigation", "authentication display", "logout functionality"], "state": 2, "file_id": 17, "knowledge_revision": 45, "git_revision": "4d95c7144f8bebe12678c8f665d5c853f638bc0e", "ctags": [{"_type": "tag", "name": "HeaderNav", "path": "/home/kavia/workspace/code-generation/digitalt3-learning-insights-platform-311763-311774/lms_frontend/src/components/HeaderNav.js", "pattern": "/^export default function HeaderNav() {$/", "language": "JavaScript", "kind": "function", "signature": "()"}], "hash": "d4e52b161e88c4d264f2ec3f364b83bf", "format-version": 4, "code-base-name": "lms_frontend", "filename": "lms_frontend/src/components/HeaderNav.js", "revision_history": [{"45": "4d95c7144f8bebe12678c8f665d5c853f638bc0e"}]}