{"is_source_file": true, "format": "JavaScript (React JSX)", "description": "This file defines a React component named 'CourseGallery' that displays a paginated gallery of courses, including search functionality, loading/error states, and course cards. It also defines a 'CourseCard' subcomponent for rendering individual course details.", "external_files": ["../hooks/usePaginatedCourses"], "external_methods": ["usePaginatedCourses"], "published": ["default", "CourseGallery"], "classes": [], "methods": [{"name": "safeText(v)", "description": "Utility function to ensure the input is a string, returning an empty string otherwise.", "scope": "", "scopeKind": ""}, {"name": "CourseCard({ course })", "description": "Functional React component that displays individual course information, including title, description, category, and level.", "scope": "", "scopeKind": ""}, {"name": "useState", "description": "React hook for managing local state for search input."}, {"name": "useMemo", "description": "React hook for memoizing computed values based on dependencies, used here for range text calculation."}, {"name": "setPage", "description": "State updater function from 'usePaginatedCourses' hook to change the current page"}, {"name": "setSearch", "description": "State updater function from 'usePaginatedCourses' hook to update the search query."}, {"name": "refresh", "description": "Function to reload the courses list from backend."}], "calls": ["usePaginatedCourses", "setPage", "setSearch", "refresh", "CourseCard"], "search-terms": ["CourseGallery", "usePaginatedCourses", "pagination", "search filtering", "React components", "course cards", "loading states"], "state": 2, "file_id": 25, "knowledge_revision": 69, "git_revision": "9b7233d7c7dcd726247a44afec84170eb717018d", "ctags": [{"_type": "tag", "name": "CourseCard", "path": "/home/kavia/workspace/code-generation/digitalt3-learning-insights-platform-311763-311774/lms_frontend/src/components/CourseGallery.js", "pattern": "/^function CourseCard({ course }) {$/", "language": "JavaScript", "kind": "function", "signature": "({ course })"}, {"_type": "tag", "name": "isLoading", "path": "/home/kavia/workspace/code-generation/digitalt3-learning-insights-platform-311763-311774/lms_frontend/src/components/CourseGallery.js", "pattern": "/^            disabled={isLoading || (!search && !searchInput)}$/", "language": "JavaScript", "kind": "field", "scope": "CourseCard.disabled", "scopeKind": "class"}, {"_type": "tag", "name": "safeText", "path": "/home/kavia/workspace/code-generation/digitalt3-learning-insights-platform-311763-311774/lms_frontend/src/components/CourseGallery.js", "pattern": "/^function safeText(v) {$/", "language": "JavaScript", "kind": "function", "signature": "(v)"}, {"_type": "tag", "name": "searchInput", "path": "/home/kavia/workspace/code-generation/digitalt3-learning-insights-platform-311763-311774/lms_frontend/src/components/CourseGallery.js", "pattern": "/^            value={searchInput}$/", "language": "JavaScript", "kind": "field", "scope": "CourseCard.value", "scopeKind": "class"}], "hash": "65cc14ea630486ec88d889439d4b4b57", "format-version": 4, "code-base-name": "lms_frontend", "filename": "lms_frontend/src/components/CourseGallery.js", "fields": [{"name": "disabled={isLoading || (!search && !searchInput)}", "scope": "CourseCard.disabled", "scopeKind": "class", "description": "unavailable"}, {"name": "value={searchInput}", "scope": "CourseCard.value", "scopeKind": "class", "description": "unavailable"}], "revision_history": [{"69": "9b7233d7c7dcd726247a44afec84170eb717018d"}]}