{"is_source_file": false, "format": "", "description": "", "external_files": [], "external_methods": [], "published": [], "classes": [], "methods": [], "calls": [], "search-terms": [], "state": 2, "file_id": 9, "knowledge_revision": 19, "git_revision": "d8069ab2291ac396b458e738f37013d39440ef1c", "hash": "6c2104b8d219ed99234ae2d6329f4357", "format-version": 4, "code-base-name": "lms_frontend", "filename": "lms_frontend/src/index.css", "revision_history": [{"19": "d8069ab2291ac396b458e738f37013d39440ef1c"}]}