{"is_source_file": true, "format": "JavaScript (React JSX)", "description": "React component for the login page, handling user authentication via email and password, with validation, navigation, and mock login functionality.", "external_files": ["../auth/AuthContext", "react", "react-router-dom"], "external_methods": ["useAuth", "useNavigate", "useLocation", "login", "mockLogin"], "published": [], "classes": [], "methods": [{"name": "isValidEmail(email)", "description": "Utility function to validate email addresses containing '@'.", "scope": "", "scopeKind": ""}, {"name": "LoginPage()", "description": "Main React component rendering the login form, handling login logic, validation, and navigation.", "scope": "", "scopeKind": ""}], "calls": ["useAuth", "useNavigate", "useLocation", "login", "mockLogin", "navigate", "setError", "setIsSubmitting", "validate", "onSubmit", "onMockLogin"], "search-terms": ["LoginPage", "AuthContext", "React login form", "react-router-dom login", "email validation", "mock login"], "state": 2, "file_id": 20, "knowledge_revision": 65, "git_revision": "9b7233d7c7dcd726247a44afec84170eb717018d", "revision_history": [{"48": "4d95c7144f8bebe12678c8f665d5c853f638bc0e"}, {"65": "9b7233d7c7dcd726247a44afec84170eb717018d"}], "ctags": [{"_type": "tag", "name": "LoginPage", "path": "/home/kavia/workspace/code-generation/digitalt3-learning-insights-platform-311763-311774/lms_frontend/src/pages/LoginPage.js", "pattern": "/^export default function LoginPage() {$/", "language": "JavaScript", "kind": "function", "signature": "()"}, {"_type": "tag", "name": "email", "path": "/home/kavia/workspace/code-generation/digitalt3-learning-insights-platform-311763-311774/lms_frontend/src/pages/LoginPage.js", "pattern": "/^                value={email}$/", "language": "JavaScript", "kind": "field", "scope": "LoginPage.value", "scopeKind": "class"}, {"_type": "tag", "name": "isValidEmail", "path": "/home/kavia/workspace/code-generation/digitalt3-learning-insights-platform-311763-311774/lms_frontend/src/pages/LoginPage.js", "pattern": "/^function isValidEmail(email) {$/", "language": "JavaScript", "kind": "function", "signature": "(email)"}, {"_type": "tag", "name": "password", "path": "/home/kavia/workspace/code-generation/digitalt3-learning-insights-platform-311763-311774/lms_frontend/src/pages/LoginPage.js", "pattern": "/^                value={password}$/", "language": "JavaScript", "kind": "field", "scope": "LoginPage.value", "scopeKind": "class"}], "hash": "e4b899545d59c6421426bb433fb2d989", "format-version": 4, "code-base-name": "lms_frontend", "filename": "lms_frontend/src/pages/LoginPage.js", "fields": [{"name": "value={email}", "scope": "LoginPage.value", "scopeKind": "class", "description": "unavailable"}, {"name": "value={password}", "scope": "LoginPage.value", "scopeKind": "class", "description": "unavailable"}]}