{"is_source_file": false, "format": "", "description": "", "external_files": [], "external_methods": [], "published": [], "classes": [], "methods": [], "calls": [], "search-terms": [], "state": 2, "file_id": 11, "knowledge_revision": 17, "git_revision": "d8069ab2291ac396b458e738f37013d39440ef1c", "hash": "d2b40d02d5f7873d8a6713bad837edd4", "format-version": 4, "code-base-name": "lms_frontend", "filename": "lms_frontend/public/index.html", "revision_history": [{"17": "d8069ab2291ac396b458e738f37013d39440ef1c"}]}