{"is_source_file": true, "format": "JavaScript", "description": "This file defines a function to fetch paginated lessons from an API endpoint, including optional filtering by course ID.", "external_files": ["./client"], "external_methods": ["apiRequest"], "published": ["fetchLessons"], "classes": [], "methods": [{"name": "fetchLessons({ page = 1, limit = 20, courseId } = {})", "description": "Fetches paginated lessons from the backend with optional filtering by course ID.", "scope": "", "scopeKind": ""}], "calls": ["apiRequest"], "search-terms": ["fetchLessons", "lessons", "paginated", "API request", "courseId"], "state": 2, "file_id": 23, "knowledge_revision": 67, "git_revision": "9b7233d7c7dcd726247a44afec84170eb717018d", "ctags": [{"_type": "tag", "name": "fetchLessons", "path": "/home/kavia/workspace/code-generation/digitalt3-learning-insights-platform-311763-311774/lms_frontend/src/api/lessons.js", "pattern": "/^export async function fetchLessons({ page = 1, limit = 20, courseId } = {}) {$/", "language": "JavaScript", "kind": "function", "signature": "({ page = 1, limit = 20, courseId } = {})"}], "hash": "a1a91a9dbd6219cc014c5ecd50c89ca7", "format-version": 4, "code-base-name": "lms_frontend", "filename": "lms_frontend/src/api/lessons.js", "revision_history": [{"67": "9b7233d7c7dcd726247a44afec84170eb717018d"}]}