{"is_source_file": true, "format": "JavaScript (React)", "description": "A React component that acts as a protected route, ensuring the user is authenticated before accessing the child components. If not authenticated, it redirects to the login page, preserving the intended destination.", "external_files": ["./AuthContext", "react", "react-router-dom"], "external_methods": ["useAuth", "Navigate", "useLocation"], "published": [], "classes": [], "methods": [{"name": "ProtectedRoute({ children })", "description": "React component that renders children if the user is authenticated, otherwise redirects to login.", "scope": "", "scopeKind": ""}], "calls": ["useAuth", "useLocation", "Navigate"], "search-terms": ["ProtectedRoute", "auth", "react-router", "navigation", "authentication"], "state": 2, "file_id": 16, "knowledge_revision": 44, "git_revision": "4d95c7144f8bebe12678c8f665d5c853f638bc0e", "ctags": [{"_type": "tag", "name": "ProtectedRoute", "path": "/home/kavia/workspace/code-generation/digitalt3-learning-insights-platform-311763-311774/lms_frontend/src/auth/ProtectedRoute.js", "pattern": "/^export default function ProtectedRoute({ children }) {$/", "language": "JavaScript", "kind": "function", "signature": "({ children })"}], "hash": "d04bd36298ceaf0eaaea7b80e192e0c1", "format-version": 4, "code-base-name": "lms_frontend", "filename": "lms_frontend/src/auth/ProtectedRoute.js", "revision_history": [{"44": "4d95c7144f8bebe12678c8f665d5c853f638bc0e"}]}