{"is_source_file": true, "format": "JavaScript", "description": "React component for displaying a quiz associated with a lesson, including fetching lesson content and submitting quiz answers via API calls.", "external_files": ["react", "axios"], "external_methods": ["React.useEffect", "React.useState", "React.useMemo", "axios.get", "axios.post"], "published": ["QuizView"], "classes": [], "methods": [{"name": "QuizView({ lessonId, apiBaseUrl })", "description": "Main React functional component that handles fetching lesson content, rendering the AI summary and quiz questions, managing user answers, and submitting the quiz.", "scope": "", "scopeKind": ""}, {"name": "load()", "scope": "QuizView", "scopeKind": "function", "description": "unavailable"}], "calls": ["axios.get", "axios.post"], "search-terms": ["React component", "lesson quiz", "AI summary", "submit-quiz API", "useEffect", "useState", "useMemo"], "state": 2, "file_id": 26, "knowledge_revision": 75, "git_revision": "112ef530df85a1e37b54cbd54f2964231db46909", "ctags": [{"_type": "tag", "name": "QuizView", "path": "/home/kavia/workspace/code-generation/digitalt3-learning-insights-platform-311763-311774/lms_frontend/src/components/QuizView.js", "pattern": "/^function QuizView({ lessonId, apiBaseUrl }) {$/", "language": "JavaScript", "kind": "function", "signature": "({ lessonId, apiBaseUrl })"}, {"_type": "tag", "name": "load", "path": "/home/kavia/workspace/code-generation/digitalt3-learning-insights-platform-311763-311774/lms_frontend/src/components/QuizView.js", "pattern": "/^    async function load() {$/", "language": "JavaScript", "kind": "function", "signature": "()", "scope": "QuizView", "scopeKind": "function"}], "hash": "d8cdeaa4720e2940a91ad11d69fe0e52", "format-version": 4, "code-base-name": "lms_frontend", "filename": "lms_frontend/src/components/QuizView.js", "revision_history": [{"75": "112ef530df85a1e37b54cbd54f2964231db46909"}]}