{"is_source_file": false, "format": "", "description": "", "external_files": [], "external_methods": [], "published": [], "classes": [], "methods": [], "calls": [], "search-terms": [], "state": 2, "file_id": 2, "knowledge_revision": 39, "git_revision": "4d95c7144f8bebe12678c8f665d5c853f638bc0e", "revision_history": [{"14": "d8069ab2291ac396b458e738f37013d39440ef1c"}, {"39": "4d95c7144f8bebe12678c8f665d5c853f638bc0e"}], "hash": "abb0cfec428cb8224cc7d9b8cac46dc2", "format-version": 4, "code-base-name": "lms_frontend", "filename": "lms_frontend/README.md"}