{"is_source_file": true, "format": "JavaScript", "description": "This is the main entry point for a React-based web application, responsible for rendering the root component within the DOM and setting up context providers and routing.", "external_files": ["./index.css", "./App", "./auth/AuthContext"], "external_methods": [], "published": [], "classes": [], "methods": [], "calls": ["ReactDOM.createRoot", "root.render", "<React.StrictMode>", "<BrowserRouter>", "<AuthProvider>", "<App />"], "search-terms": ["React", "ReactDOM", "BrowserRouter", "AuthProvider", "index.js", "React.StrictMode", "render", "index.css"], "state": 2, "file_id": 5, "knowledge_revision": 27, "git_revision": "4d95c7144f8bebe12678c8f665d5c853f638bc0e", "revision_history": [{"23": "d8069ab2291ac396b458e738f37013d39440ef1c"}, {"27": "4d95c7144f8bebe12678c8f665d5c853f638bc0e"}], "ctags": [{"_type": "tag", "name": "root", "path": "/home/kavia/workspace/code-generation/digitalt3-learning-insights-platform-311763-311774/lms_frontend/src/index.js", "pattern": "/^const root = ReactDOM.createRoot(document.getElementById('root'));$/", "language": "JavaScript", "kind": "constant"}], "hash": "66780be22bd09892ce69e5f07b624d6b", "format-version": 4, "code-base-name": "lms_frontend", "filename": "lms_frontend/src/index.js"}