{"is_source_file": true, "format": "JavaScript", "description": "React context provider module for managing authentication state, including login, registration, token management, and user info, using JWT backend endpoints.", "external_files": ["../api/client", "./tokenStorage"], "external_methods": ["apiRequest", "setApiAuthToken", "clearStoredToken", "getStoredToken", "setStoredToken"], "published": ["AuthProvider", "useAuth"], "classes": [], "methods": [{"name": "normalizeUser(user)", "description": "Normalizes user object to ensure consistent structure with string id and optional fields.", "scope": "", "scopeKind": ""}, {"name": "AuthProvider({ children })", "description": "React context provider component managing authentication state, including login, registration, mock login, and logout functions.", "scope": "", "scopeKind": ""}, {"name": "useAuth()", "description": "Custom hook for accessing authentication context values.", "scope": "", "scopeKind": ""}], "calls": ["apiRequest('/auth/me')", "apiRequest('/auth/login')", "apiRequest('/auth/register')"], "search-terms": ["React AuthContext", "JWT authentication", "useCallback", "useEffect", "token storage", "mock login"], "state": 2, "file_id": 15, "knowledge_revision": 64, "git_revision": "9b7233d7c7dcd726247a44afec84170eb717018d", "revision_history": [{"43": "4d95c7144f8bebe12678c8f665d5c853f638bc0e"}, {"64": "9b7233d7c7dcd726247a44afec84170eb717018d"}], "ctags": [{"_type": "tag", "name": "AuthContext", "path": "/home/kavia/workspace/code-generation/digitalt3-learning-insights-platform-311763-311774/lms_frontend/src/auth/AuthContext.js", "pattern": "/^const AuthContext = createContext(null);$/", "language": "JavaScript", "kind": "constant"}, {"_type": "tag", "name": "AuthProvider", "path": "/home/kavia/workspace/code-generation/digitalt3-learning-insights-platform-311763-311774/lms_frontend/src/auth/AuthContext.js", "pattern": "/^export function AuthProvider({ children }) {$/", "language": "JavaScript", "kind": "function", "signature": "({ children })"}, {"_type": "tag", "name": "normalizeUser", "path": "/home/kavia/workspace/code-generation/digitalt3-learning-insights-platform-311763-311774/lms_frontend/src/auth/AuthContext.js", "pattern": "/^function normalizeUser(user) {$/", "language": "JavaScript", "kind": "function", "signature": "(user)"}, {"_type": "tag", "name": "useAuth", "path": "/home/kavia/workspace/code-generation/digitalt3-learning-insights-platform-311763-311774/lms_frontend/src/auth/AuthContext.js", "pattern": "/^export function useAuth() {$/", "language": "JavaScript", "kind": "function", "signature": "()"}, {"_type": "tag", "name": "value", "path": "/home/kavia/workspace/code-generation/digitalt3-learning-insights-platform-311763-311774/lms_frontend/src/auth/AuthContext.js", "pattern": "/^  return <AuthContext.Provider value={value}>{children}<\\/AuthContext.Provider>;$/", "language": "JavaScript", "kind": "field", "scope": "Provider", "scopeKind": "class"}], "hash": "deeba63b493b4b374bd16c902fdc957e", "format-version": 4, "code-base-name": "lms_frontend", "filename": "lms_frontend/src/auth/AuthContext.js", "fields": [{"name": "return <AuthContext.Provider value={value}>{children}<\\/AuthContext.Provider>;", "scope": "Provider", "scopeKind": "class", "description": "unavailable"}]}